-- phpMyAdmin SQL Dump
-- version 4.4.14
-- http://www.phpmyadmin.net
--
-- Host: 127.0.0.1
-- Generation Time: Mar 21, 2018 at 02:39 PM
-- Server version: 5.6.26
-- PHP Version: 5.6.12

SET SQL_MODE = "NO_AUTO_VALUE_ON_ZERO";
SET time_zone = "+00:00";


/*!40101 SET @OLD_CHARACTER_SET_CLIENT=@@CHARACTER_SET_CLIENT */;
/*!40101 SET @OLD_CHARACTER_SET_RESULTS=@@CHARACTER_SET_RESULTS */;
/*!40101 SET @OLD_COLLATION_CONNECTION=@@COLLATION_CONNECTION */;
/*!40101 SET NAMES utf8mb4 */;

--
-- Database: `werise_dss_zel`
--

-- --------------------------------------------------------

--
-- Table structure for table `accesslog`
--

CREATE TABLE IF NOT EXISTS `accesslog` (
  `id` int(10) unsigned NOT NULL,
  `userid` smallint(5) unsigned NOT NULL,
  `pageaction` varchar(50) NOT NULL,
  `ip` varchar(15) NOT NULL,
  `date_created` datetime NOT NULL
) ENGINE=MyISAM AUTO_INCREMENT=654 DEFAULT CHARSET=ascii;

--
-- Dumping data for table `accesslog`
--

INSERT INTO `accesslog` (`id`, `userid`, `pageaction`, `ip`, `date_created`) VALUES
(1, 0, 'form_weather', '::1', '2017-12-10 21:27:59'),
(2, 0, 'form_weather', '::1', '2017-12-10 21:28:07'),
(3, 0, 'form_weather', '::1', '2017-12-10 21:28:23'),
(4, 0, 'form_weather', '::1', '2017-12-10 21:28:31'),
(5, 0, 'form_weather', '::1', '2017-12-10 21:28:36'),
(6, 0, 'form_weather', '::1', '2017-12-10 21:28:39'),
(7, 0, 'form_weather', '::1', '2017-12-10 21:28:42'),
(8, 0, 'form_weather', '::1', '2017-12-10 21:29:31'),
(9, 0, 'form_weather', '::1', '2017-12-10 21:29:35'),
(10, 0, 'form_weather', '::1', '2017-12-10 21:29:38'),
(11, 0, 'form_index', '::1', '2017-12-10 21:30:12'),
(12, 0, 'form_weather', '::1', '2017-12-10 21:31:09'),
(13, 0, 'form_weather', '::1', '2017-12-10 21:31:36'),
(14, 0, 'form_weather', '::1', '2017-12-10 22:28:43'),
(15, 0, 'form_oryza', '::1', '2017-12-10 22:28:51'),
(16, 0, 'form_oryza', '::1', '2017-12-10 22:29:53'),
(17, 0, 'form_oryza', '::1', '2017-12-10 22:30:58'),
(18, 0, 'form_weather', '::1', '2017-12-10 22:35:56'),
(19, 0, 'form_weather', '::1', '2017-12-10 22:36:01'),
(20, 0, 'form_oryza', '::1', '2017-12-10 22:36:18'),
(21, 0, 'form_weather', '::1', '2017-12-10 22:42:23'),
(22, 0, 'form_oryza', '::1', '2017-12-10 22:42:32'),
(23, 0, 'form_oryza', '::1', '2017-12-10 22:45:50'),
(24, 0, 'form_oryza', '::1', '2017-12-10 22:47:05'),
(25, 0, 'form_oryza', '::1', '2017-12-10 22:47:37'),
(26, 0, 'form_oryza', '::1', '2017-12-10 22:47:58'),
(27, 0, 'form_oryza', '::1', '2017-12-10 22:48:50'),
(28, 0, 'form_oryza', '::1', '2017-12-10 22:49:14'),
(29, 0, 'form_weather', '::1', '2017-12-10 22:53:44'),
(30, 0, 'form_oryza', '::1', '2017-12-10 22:54:14'),
(31, 0, 'form_oryza', '::1', '2017-12-10 23:55:01'),
(32, 0, 'form_oryza', '::1', '2017-12-10 23:55:09'),
(33, 0, 'form_index', '::1', '2017-12-11 11:17:46'),
(34, 0, 'form_weather', '::1', '2017-12-11 11:17:52'),
(35, 0, 'form_oryza', '::1', '2017-12-11 11:18:09'),
(36, 0, 'form_oryza', '::1', '2017-12-11 14:09:16'),
(37, 0, 'form_index', '::1', '2017-12-11 16:37:13'),
(38, 0, 'form_weather', '::1', '2017-12-11 16:37:24'),
(39, 0, 'form_weather', '::1', '2017-12-11 16:46:13'),
(40, 0, 'form_weather', '::1', '2017-12-11 16:48:34'),
(41, 0, 'form_weather', '::1', '2017-12-11 16:49:11'),
(42, 0, 'form_weather', '::1', '2017-12-11 16:49:31'),
(43, 0, 'form_oryza', '::1', '2017-12-11 16:53:27'),
(44, 0, 'form_oryza', '::1', '2017-12-11 16:54:30'),
(45, 0, 'form_oryza', '::1', '2017-12-11 16:55:09'),
(46, 0, 'form_oryza', '::1', '2017-12-11 16:56:46'),
(47, 0, 'form_oryza', '::1', '2017-12-11 16:57:33'),
(48, 0, 'form_weather', '::1', '2017-12-11 16:58:19'),
(49, 0, 'form_oryza', '::1', '2017-12-11 16:58:24'),
(50, 0, 'form_oryza', '::1', '2017-12-11 17:00:13'),
(51, 0, 'form_oryza', '::1', '2017-12-11 17:05:08'),
(52, 0, 'form_oryza', '::1', '2017-12-11 17:11:40'),
(53, 0, 'form_oryza', '::1', '2017-12-11 17:12:08'),
(54, 0, 'form_oryza', '::1', '2017-12-11 17:12:49'),
(55, 0, 'form_oryza', '::1', '2017-12-11 17:14:10'),
(56, 0, 'form_oryza', '::1', '2017-12-11 17:15:09'),
(57, 0, 'form_oryza', '::1', '2017-12-11 17:16:27'),
(58, 0, 'form_oryza', '::1', '2017-12-11 17:17:00'),
(59, 0, 'form_oryza', '::1', '2017-12-11 17:18:46'),
(60, 0, 'form_weather', '::1', '2017-12-11 17:19:46'),
(61, 0, 'form_oryza', '::1', '2017-12-11 17:20:12'),
(62, 0, 'form_oryza', '::1', '2017-12-11 17:23:58'),
(63, 0, 'form_index', '::1', '2017-12-12 10:53:58'),
(64, 0, 'form_oryza', '::1', '2017-12-12 10:54:02'),
(65, 0, 'form_index', '::1', '2017-12-12 11:48:51'),
(66, 0, 'form_oryza', '::1', '2017-12-12 11:48:54'),
(67, 0, 'form_oryza', '::1', '2017-12-12 11:49:08'),
(68, 0, 'form_oryza', '::1', '2017-12-12 11:52:51'),
(69, 0, 'form_index', '::1', '2017-12-13 10:18:47'),
(70, 0, 'form_weather', '::1', '2017-12-13 10:19:03'),
(71, 0, 'form_oryza', '::1', '2017-12-13 11:28:40'),
(72, 0, 'form_index', '::1', '2017-12-13 21:42:36'),
(73, 0, 'form_oryza', '::1', '2017-12-13 21:55:38'),
(74, 0, 'form_oryza', '::1', '2017-12-13 21:56:34'),
(75, 0, 'form_oryza', '::1', '2017-12-13 21:58:11'),
(76, 0, 'form_index', '::1', '2017-12-13 22:08:01'),
(77, 0, 'form_weather', '::1', '2017-12-13 22:28:48'),
(78, 0, 'form_oryza', '::1', '2017-12-13 22:34:25'),
(79, 0, 'form_oryza', '::1', '2017-12-13 22:39:48'),
(80, 0, 'form_oryza', '::1', '2017-12-13 22:46:26'),
(81, 0, 'form_weather', '::1', '2017-12-13 22:51:53'),
(82, 0, 'form_oryza', '::1', '2017-12-13 22:52:29'),
(83, 0, 'form_index', '::1', '2017-12-13 22:58:04'),
(84, 0, 'form_weather', '::1', '2017-12-13 22:59:24'),
(85, 0, 'form_oryza', '::1', '2017-12-13 23:03:10'),
(86, 0, 'form_oryza', '::1', '2017-12-13 23:05:41'),
(87, 0, 'form_oryza', '::1', '2017-12-13 23:06:22'),
(88, 0, 'form_oryza', '::1', '2017-12-13 23:08:23'),
(89, 0, 'form_index', '::1', '2017-12-13 23:28:38'),
(90, 0, 'form_oryza', '::1', '2017-12-13 23:32:41'),
(91, 0, 'form_oryza', '::1', '2017-12-13 23:34:08'),
(92, 0, 'form_oryza', '::1', '2017-12-13 23:36:44'),
(93, 0, 'form_oryza', '::1', '2017-12-13 23:38:03'),
(94, 0, 'form_oryza', '::1', '2017-12-13 23:38:32'),
(95, 0, 'form_oryza', '::1', '2017-12-13 23:41:23'),
(96, 0, 'form_oryza', '::1', '2017-12-13 23:41:53'),
(97, 0, 'form_oryza', '::1', '2017-12-13 23:44:08'),
(98, 0, 'form_oryza', '::1', '2017-12-13 23:44:36'),
(99, 0, 'form_weather', '::1', '2017-12-13 23:45:07'),
(100, 0, 'form_oryza', '::1', '2017-12-13 23:48:19'),
(101, 0, 'form_oryza', '::1', '2017-12-13 23:49:23'),
(102, 0, 'form_index', '::1', '2017-12-14 00:07:33'),
(103, 0, 'form_index', '::1', '2017-12-14 00:08:40'),
(104, 0, 'form_oryza', '::1', '2017-12-14 00:10:27'),
(105, 0, 'form_oryza', '::1', '2017-12-14 00:13:16'),
(106, 0, 'form_oryza', '::1', '2017-12-14 00:13:49'),
(107, 0, 'form_index', '::1', '2017-12-14 00:17:39'),
(108, 0, 'form_oryza', '::1', '2017-12-14 00:43:49'),
(109, 0, 'form_oryza', '::1', '2017-12-14 00:44:15'),
(110, 0, 'form_index', '::1', '2017-12-14 07:59:53'),
(111, 0, 'form_index', '::1', '2017-12-14 10:06:05'),
(112, 0, 'form_oryza', '::1', '2017-12-14 10:06:09'),
(113, 0, 'form_oryza', '::1', '2017-12-14 10:08:50'),
(114, 0, 'form_oryza', '::1', '2017-12-14 10:09:13'),
(115, 0, 'form_index', '::1', '2017-12-14 16:36:00'),
(116, 0, 'form_oryza', '::1', '2017-12-14 16:36:03'),
(117, 0, 'form_oryza', '::1', '2017-12-14 16:36:12'),
(118, 0, 'form_oryza', '::1', '2017-12-14 16:36:22'),
(119, 0, 'form_oryza', '::1', '2017-12-14 16:39:19'),
(120, 0, 'form_index', '::1', '2018-02-02 16:16:28'),
(121, 0, 'form_oryza', '::1', '2018-02-02 16:22:53'),
(122, 0, 'form_weather', '::1', '2018-02-02 16:22:54'),
(123, 0, 'form_oryza', '::1', '2018-02-02 16:24:35'),
(124, 0, 'form_oryza', '::1', '2018-02-02 16:26:15'),
(125, 0, 'form_weather', '::1', '2018-02-02 16:26:18'),
(126, 0, 'form_weather', '::1', '2018-02-02 17:21:48'),
(127, 0, 'form_weather', '::1', '2018-02-02 17:30:56'),
(128, 0, 'form_weather', '::1', '2018-02-02 17:32:00'),
(129, 0, 'form_index', '::1', '2018-02-02 17:36:27'),
(130, 0, 'form_index', '::1', '2018-02-02 17:37:34'),
(131, 0, 'form_index', '::1', '2018-02-05 07:23:38'),
(132, 0, 'form_index', '::1', '2018-02-05 07:31:24'),
(133, 0, 'form_index', '::1', '2018-02-07 22:24:44'),
(134, 0, 'form_index', '::1', '2018-02-07 22:58:58'),
(135, 0, 'form_oryza', '::1', '2018-02-07 23:06:27'),
(136, 0, 'form_index', '::1', '2018-02-07 23:07:27'),
(137, 0, 'form_oryza', '::1', '2018-02-07 23:09:19'),
(138, 0, 'form_oryza', '::1', '2018-02-07 23:09:25'),
(139, 0, 'form_oryza', '::1', '2018-02-07 23:29:52'),
(140, 0, 'form_oryza', '::1', '2018-02-07 23:30:42'),
(141, 0, 'form_index', '::1', '2018-02-07 23:31:22'),
(142, 0, 'form_index', '::1', '2018-02-07 23:31:53'),
(143, 0, 'form_oryza', '::1', '2018-02-07 23:32:19'),
(144, 0, 'form_oryza', '::1', '2018-02-07 23:32:55'),
(145, 0, 'form_oryza', '::1', '2018-02-07 23:32:57'),
(146, 0, 'form_oryza', '::1', '2018-02-07 23:34:55'),
(147, 0, 'form_oryza', '::1', '2018-02-07 23:36:21'),
(148, 0, 'form_index', '::1', '2018-02-08 08:30:36'),
(149, 0, 'form_weather', '::1', '2018-02-08 08:50:02'),
(150, 0, 'form_oryza', '::1', '2018-02-08 08:50:11'),
(151, 0, 'form_weather', '::1', '2018-02-08 08:50:50'),
(152, 0, 'form_oryza', '::1', '2018-02-08 08:51:00'),
(153, 0, 'form_index', '::1', '2018-02-08 08:52:45'),
(154, 0, 'form_oryza', '::1', '2018-02-08 08:53:08'),
(155, 0, 'form_oryza', '::1', '2018-02-08 09:56:53'),
(156, 0, 'form_oryza', '::1', '2018-02-08 09:57:41'),
(157, 0, 'form_oryza', '::1', '2018-02-08 09:58:10'),
(158, 0, 'form_oryza', '::1', '2018-02-08 09:59:20'),
(159, 0, 'form_oryza', '::1', '2018-02-08 10:04:05'),
(160, 0, 'form_oryza', '::1', '2018-02-08 10:05:11'),
(161, 0, 'form_oryza', '::1', '2018-02-08 10:05:44'),
(162, 0, 'form_oryza', '::1', '2018-02-08 10:06:12'),
(163, 0, 'form_oryza', '::1', '2018-02-08 11:02:10'),
(164, 0, 'form_oryza', '::1', '2018-02-08 11:07:43'),
(165, 0, 'form_oryza', '::1', '2018-02-08 11:09:19'),
(166, 0, 'form_oryza', '::1', '2018-02-08 11:10:15'),
(167, 0, 'form_weather', '::1', '2018-02-08 11:54:00'),
(168, 0, 'form_weather', '::1', '2018-02-08 12:03:56'),
(169, 0, 'form_index', '::1', '2018-02-08 14:01:41'),
(170, 0, 'form_index', '::1', '2018-02-10 13:29:28'),
(171, 0, 'form_oryza', '::1', '2018-02-10 13:31:47'),
(172, 0, 'form_index', '::1', '2018-02-10 13:58:38'),
(173, 0, 'form_oryza', '::1', '2018-02-10 13:58:41'),
(174, 0, 'form_weather', '::1', '2018-02-10 13:58:44'),
(175, 0, 'form_oryza', '::1', '2018-02-10 15:53:47'),
(176, 0, 'form_oryza', '::1', '2018-02-10 15:54:11'),
(177, 0, 'form_index', '::1', '2018-02-10 20:24:42'),
(178, 0, 'form_oryza', '::1', '2018-02-10 20:43:26'),
(179, 0, 'form_oryza', '::1', '2018-02-10 20:43:55'),
(180, 0, 'form_oryza', '::1', '2018-02-10 20:44:34'),
(181, 0, 'form_oryza', '::1', '2018-02-10 20:46:07'),
(182, 0, 'form_oryza', '::1', '2018-02-10 20:46:28'),
(183, 0, 'form_index', '::1', '2018-02-10 20:47:25'),
(184, 0, 'form_oryza', '::1', '2018-02-10 20:47:27'),
(185, 0, 'form_index', '::1', '2018-02-10 20:47:56'),
(186, 0, 'form_oryza', '::1', '2018-02-10 20:47:58'),
(187, 0, 'form_index', '::1', '2018-02-10 20:48:35'),
(188, 0, 'form_oryza', '::1', '2018-02-10 20:55:52'),
(189, 0, 'form_oryza', '::1', '2018-02-10 20:57:48'),
(190, 0, 'form_oryza', '::1', '2018-02-10 20:58:07'),
(191, 0, 'form_oryza', '::1', '2018-02-10 21:05:56'),
(192, 0, 'form_oryza', '::1', '2018-02-10 21:06:09'),
(193, 0, 'form_index', '::1', '2018-02-10 21:06:22'),
(194, 0, 'form_oryza', '::1', '2018-02-10 21:06:23'),
(195, 0, 'form_weather', '::1', '2018-02-10 21:06:25'),
(196, 0, 'form_about', '::1', '2018-02-10 21:06:26'),
(197, 0, 'form_index', '::1', '2018-02-10 21:06:27'),
(198, 0, 'form_oryza', '::1', '2018-02-10 21:06:29'),
(199, 0, 'form_index', '::1', '2018-02-10 21:06:36'),
(200, 0, 'form_weather', '::1', '2018-02-10 21:06:40'),
(201, 0, 'form_oryza', '::1', '2018-02-10 21:06:42'),
(202, 0, 'form_weather', '::1', '2018-02-10 21:14:58'),
(203, 0, 'form_oryza', '::1', '2018-02-10 21:15:19'),
(204, 0, 'form_oryza', '::1', '2018-02-10 21:15:36'),
(205, 0, 'form_oryza', '::1', '2018-02-10 21:15:49'),
(206, 0, 'form_oryza', '::1', '2018-02-10 21:22:50'),
(207, 0, 'form_oryza', '::1', '2018-02-10 21:23:11'),
(208, 0, 'form_index', '::1', '2018-02-10 21:24:04'),
(209, 0, 'form_oryza', '::1', '2018-02-10 21:24:06'),
(210, 0, 'form_oryza', '::1', '2018-02-10 21:25:50'),
(211, 0, 'form_oryza', '::1', '2018-02-10 21:28:40'),
(212, 0, 'form_index', '::1', '2018-02-11 00:04:13'),
(213, 0, 'form_index', '::1', '2018-02-11 14:46:58'),
(214, 0, 'form_oryza', '::1', '2018-02-11 14:51:08'),
(215, 0, 'form_oryza', '::1', '2018-02-11 14:54:20'),
(216, 0, 'form_index', '::1', '2018-02-11 14:54:33'),
(217, 0, 'form_oryza', '::1', '2018-02-11 14:54:34'),
(218, 0, 'form_oryza', '::1', '2018-02-11 14:55:13'),
(219, 0, 'form_oryza', '::1', '2018-02-11 14:56:06'),
(220, 0, 'form_oryza', '::1', '2018-02-11 14:57:36'),
(221, 0, 'form_oryza', '::1', '2018-02-11 14:57:49'),
(222, 0, 'form_oryza', '::1', '2018-02-11 14:58:24'),
(223, 0, 'form_weather', '::1', '2018-02-11 15:02:19'),
(224, 0, 'form_oryza', '::1', '2018-02-11 15:02:38'),
(225, 0, 'form_oryza', '::1', '2018-02-11 15:03:14'),
(226, 0, 'form_weather', '::1', '2018-02-11 15:26:44'),
(227, 0, 'form_oryza', '::1', '2018-02-11 15:27:07'),
(228, 0, 'form_oryza', '::1', '2018-02-11 15:29:42'),
(229, 0, 'form_oryza', '::1', '2018-02-11 15:31:04'),
(230, 0, 'form_oryza', '::1', '2018-02-11 15:32:20'),
(231, 0, 'form_oryza', '::1', '2018-02-11 15:32:54'),
(232, 0, 'form_oryza', '::1', '2018-02-11 15:34:48'),
(233, 0, 'form_oryza', '::1', '2018-02-11 15:35:37'),
(234, 0, 'form_oryza', '::1', '2018-02-11 15:35:53'),
(235, 0, 'form_oryza', '::1', '2018-02-11 15:36:33'),
(236, 0, 'form_weather', '::1', '2018-02-11 15:37:12'),
(237, 0, 'form_oryza', '::1', '2018-02-11 15:39:13'),
(238, 0, 'form_oryza', '::1', '2018-02-11 15:39:27'),
(239, 0, 'form_weather', '::1', '2018-02-11 15:45:32'),
(240, 0, 'form_index', '::1', '2018-02-11 20:59:39'),
(241, 0, 'form_oryza', '::1', '2018-02-11 20:59:45'),
(242, 0, 'form_weather', '::1', '2018-02-11 20:59:46'),
(243, 0, 'form_oryza', '::1', '2018-02-11 21:00:58'),
(244, 0, 'form_oryza', '::1', '2018-02-11 21:01:47'),
(245, 0, 'form_oryza', '::1', '2018-02-11 21:02:11'),
(246, 0, 'form_oryza', '::1', '2018-02-11 21:02:47'),
(247, 0, 'form_oryza', '::1', '2018-02-11 21:02:57'),
(248, 0, 'form_index', '::1', '2018-02-11 21:04:46'),
(249, 0, 'form_weather', '::1', '2018-02-11 21:04:49'),
(250, 0, 'form_index', '::1', '2018-02-12 14:32:19'),
(251, 0, 'form_oryza', '::1', '2018-02-12 14:49:59'),
(252, 0, 'form_oryza', '::1', '2018-02-12 14:50:16'),
(253, 0, 'form_index', '::1', '2018-02-12 16:36:05'),
(254, 0, 'form_index', '::1', '2018-02-13 08:33:34'),
(255, 0, 'form_index', '::1', '2018-02-13 09:30:54'),
(256, 0, 'form_weather', '::1', '2018-02-13 09:31:14'),
(257, 0, 'form_index', '::1', '2018-02-13 14:20:56'),
(258, 0, 'form_weather', '::1', '2018-02-13 14:20:58'),
(259, 0, 'form_weather', '::1', '2018-02-13 14:21:07'),
(260, 0, 'form_oryza', '::1', '2018-02-14 11:33:52'),
(261, 0, 'form_oryza', '::1', '2018-02-14 14:06:11'),
(262, 0, 'form_oryza', '::1', '2018-02-14 14:08:01'),
(263, 0, 'form_index', '::1', '2018-02-15 14:39:59'),
(264, 0, 'form_oryza', '::1', '2018-02-15 14:40:25'),
(265, 0, 'form_oryza', '::1', '2018-02-15 14:41:15'),
(266, 0, 'form_weather', '::1', '2018-02-15 15:03:59'),
(267, 0, 'form_index', '::1', '2018-02-15 15:10:03'),
(268, 0, 'form_weather', '::1', '2018-02-15 15:10:46'),
(269, 0, 'form_index', '::1', '2018-02-15 15:11:45'),
(270, 0, 'form_weather', '::1', '2018-02-15 15:11:47'),
(271, 0, 'form_weather', '::1', '2018-02-15 15:20:13'),
(272, 0, 'form_oryza', '::1', '2018-02-15 16:11:38'),
(273, 0, 'form_weather', '::1', '2018-02-15 16:11:39'),
(274, 0, 'form_index', '::1', '2018-02-15 16:14:33'),
(275, 0, 'form_oryza', '::1', '2018-02-15 16:14:34'),
(276, 0, 'form_oryza', '::1', '2018-02-15 16:15:33'),
(277, 0, 'form_index', '::1', '2018-02-15 16:56:58'),
(278, 0, 'form_index', '::1', '2018-02-15 17:04:30'),
(279, 0, 'form_weather', '::1', '2018-02-15 17:04:34'),
(280, 0, 'form_index', '::1', '2018-02-16 18:10:12'),
(281, 0, 'form_oryza', '::1', '2018-02-16 18:10:16'),
(282, 0, 'form_index', '::1', '2018-02-16 20:58:07'),
(283, 0, 'form_index', '::1', '2018-02-17 18:02:36'),
(284, 0, 'form_index', '::1', '2018-02-19 14:47:50'),
(285, 0, 'form_oryza', '::1', '2018-02-19 14:47:53'),
(286, 0, 'form_oryza', '::1', '2018-02-19 14:49:12'),
(287, 0, 'form_oryza', '::1', '2018-02-19 14:51:09'),
(288, 0, 'form_oryza', '::1', '2018-02-19 14:51:24'),
(289, 0, 'form_oryza', '::1', '2018-02-19 14:51:28'),
(290, 0, 'form_index', '::1', '2018-02-19 14:51:30'),
(291, 0, 'form_oryza', '::1', '2018-02-19 14:51:31'),
(292, 0, 'form_index', '::1', '2018-02-19 16:01:52'),
(293, 0, 'form_index', '::1', '2018-02-20 09:11:00'),
(294, 0, 'form_oryza', '::1', '2018-02-20 09:15:08'),
(295, 0, 'form_oryza', '::1', '2018-02-20 09:20:22'),
(296, 0, 'form_oryza', '::1', '2018-02-20 09:25:17'),
(297, 0, 'form_oryza', '::1', '2018-02-20 09:34:00'),
(298, 0, 'form_oryza', '::1', '2018-02-20 09:35:36'),
(299, 0, 'form_oryza', '::1', '2018-02-20 09:42:15'),
(300, 0, 'form_index', '::1', '2018-02-20 16:39:34'),
(301, 0, 'form_index', '::1', '2018-02-20 18:55:00'),
(302, 0, 'form_oryza', '::1', '2018-02-20 18:57:07'),
(303, 0, 'form_oryza', '::1', '2018-02-20 18:57:44'),
(304, 0, 'form_oryza', '::1', '2018-02-20 18:59:33'),
(305, 0, 'form_oryza', '::1', '2018-02-20 18:59:40'),
(306, 0, 'form_index', '::1', '2018-02-20 20:42:05'),
(307, 0, 'form_weather', '::1', '2018-02-20 21:18:05'),
(308, 0, 'form_index', '::1', '2018-02-21 08:11:51'),
(309, 0, 'form_index', '::1', '2018-02-21 22:06:29'),
(310, 0, 'form_oryza', '::1', '2018-02-21 22:06:43'),
(311, 0, 'form_oryza', '::1', '2018-02-21 22:08:31'),
(312, 0, 'form_oryza', '::1', '2018-02-21 22:09:27'),
(313, 0, 'form_oryza', '::1', '2018-02-21 22:10:49'),
(314, 0, 'form_index', '::1', '2018-02-22 09:01:32'),
(315, 0, 'form_oryza', '::1', '2018-02-22 09:01:39'),
(316, 0, 'form_oryza', '::1', '2018-02-22 09:16:03'),
(317, 0, 'form_oryza', '::1', '2018-02-22 09:27:47'),
(318, 0, 'form_oryza', '::1', '2018-02-22 09:30:35'),
(319, 0, 'form_oryza', '::1', '2018-02-22 09:31:32'),
(320, 0, 'form_oryza', '::1', '2018-02-22 10:11:05'),
(321, 0, 'form_index', '::1', '2018-02-23 09:13:29'),
(322, 0, 'form_weather', '::1', '2018-02-23 09:19:33'),
(323, 0, 'form_index', '::1', '2018-02-23 11:12:01'),
(324, 0, 'form_index', '::1', '2018-02-23 14:04:16'),
(325, 0, 'form_index', '::1', '2018-02-23 16:51:52'),
(326, 0, 'form_index', '::1', '2018-02-28 10:25:19'),
(327, 0, 'form_index', '::1', '2018-03-01 11:25:40'),
(328, 0, 'form_index', '::1', '2018-03-02 13:52:17'),
(329, 0, 'form_index', '::1', '2018-03-04 12:04:47'),
(330, 0, 'form_index', '::1', '2018-03-04 21:48:06'),
(331, 0, 'form_index', '::1', '2018-03-05 10:07:19'),
(332, 0, 'form_index', '::1', '2018-03-05 14:54:10'),
(333, 0, 'form_oryza', '::1', '2018-03-05 15:44:44'),
(334, 0, 'form_oryza', '::1', '2018-03-05 15:46:24'),
(335, 0, 'form_oryza', '::1', '2018-03-05 15:46:38'),
(336, 0, 'form_oryza', '::1', '2018-03-05 15:46:53'),
(337, 0, 'form_oryza', '::1', '2018-03-05 15:48:47'),
(338, 0, 'form_index', '::1', '2018-03-06 09:19:59'),
(339, 0, 'form_index', '::1', '2018-03-07 10:49:01'),
(340, 0, 'form_index', '::1', '2018-03-08 11:03:39'),
(341, 0, 'form_index', '::1', '2018-03-11 21:05:43'),
(342, 0, 'form_index', '::1', '2018-03-11 21:17:16'),
(343, 0, 'form_index', '::1', '2018-03-11 21:32:49'),
(344, 0, 'form_oryza', '::1', '2018-03-11 22:00:48'),
(345, 0, 'form_oryza', '::1', '2018-03-11 22:49:14'),
(346, 0, 'form_oryza', '::1', '2018-03-11 22:52:49'),
(347, 0, 'form_oryza', '::1', '2018-03-11 22:57:22'),
(348, 0, 'form_oryza', '::1', '2018-03-11 22:59:27'),
(349, 0, 'form_oryza', '::1', '2018-03-11 23:00:19'),
(350, 0, 'form_oryza', '::1', '2018-03-11 23:00:38'),
(351, 0, 'form_oryza', '::1', '2018-03-11 23:02:07'),
(352, 0, 'form_oryza', '::1', '2018-03-11 23:02:58'),
(353, 0, 'form_terms', '::1', '2018-03-11 23:04:07'),
(354, 0, 'form_oryza', '::1', '2018-03-11 23:06:27'),
(355, 0, 'form_oryza', '::1', '2018-03-11 23:08:02'),
(356, 0, 'form_oryza', '::1', '2018-03-11 23:11:19'),
(357, 0, 'form_oryza', '::1', '2018-03-11 23:12:01'),
(358, 0, 'form_index', '::1', '2018-03-11 23:12:51'),
(359, 0, 'form_oryza', '::1', '2018-03-11 23:46:32'),
(360, 0, 'form_oryza', '127.0.0.1', '2018-03-12 00:03:47'),
(361, 0, 'form_oryza', '127.0.0.1', '2018-03-12 00:03:59'),
(362, 0, 'form_oryza', '127.0.0.1', '2018-03-12 00:07:46'),
(363, 0, 'form_oryza', '127.0.0.1', '2018-03-12 00:08:22'),
(364, 0, 'form_oryza', '127.0.0.1', '2018-03-12 00:13:15'),
(365, 0, 'form_oryza', '127.0.0.1', '2018-03-12 00:13:23'),
(366, 0, 'form_oryza', '127.0.0.1', '2018-03-12 00:15:52'),
(367, 0, 'form_index', '127.0.0.1', '2018-03-17 10:50:31'),
(368, 0, 'form_about', '127.0.0.1', '2018-03-17 11:07:15'),
(369, 0, 'form_about', '127.0.0.1', '2018-03-17 11:07:43'),
(370, 0, 'form_about', '127.0.0.1', '2018-03-17 11:08:21'),
(371, 0, 'form_about', '127.0.0.1', '2018-03-17 11:13:14'),
(372, 0, 'form_about', '127.0.0.1', '2018-03-17 11:14:18'),
(373, 0, 'form_terms', '127.0.0.1', '2018-03-17 11:18:32'),
(374, 0, 'form_index', '127.0.0.1', '2018-03-17 11:24:05'),
(375, 0, 'form_index', '127.0.0.1', '2018-03-17 11:42:45'),
(376, 0, 'form_index', '127.0.0.1', '2018-03-17 11:42:55'),
(377, 0, 'form_about', '127.0.0.1', '2018-03-17 11:42:56'),
(378, 0, 'form_terms', '127.0.0.1', '2018-03-17 11:42:59'),
(379, 0, 'form_index', '127.0.0.1', '2018-03-17 11:43:01'),
(380, 0, 'form_index', '127.0.0.1', '2018-03-17 11:43:21'),
(381, 0, 'form_index', '127.0.0.1', '2018-03-17 11:43:36'),
(382, 0, 'form_weather', '127.0.0.1', '2018-03-17 11:44:16'),
(383, 0, 'form_index', '127.0.0.1', '2018-03-17 11:44:30'),
(384, 0, 'form_terms', '127.0.0.1', '2018-03-17 11:44:43'),
(385, 0, 'form_index', '127.0.0.1', '2018-03-17 11:44:51'),
(386, 0, 'form_index', '127.0.0.1', '2018-03-17 11:45:02'),
(387, 0, 'form_about', '127.0.0.1', '2018-03-17 11:45:36'),
(388, 0, 'form_terms', '127.0.0.1', '2018-03-17 11:45:44'),
(389, 0, 'form_terms', '127.0.0.1', '2018-03-17 11:45:52'),
(390, 0, 'form_oryza', '127.0.0.1', '2018-03-17 11:45:56'),
(391, 0, 'form_oryza', '127.0.0.1', '2018-03-17 11:46:01'),
(392, 0, 'form_weather', '127.0.0.1', '2018-03-17 11:46:03'),
(393, 0, 'form_index', '127.0.0.1', '2018-03-17 11:46:16'),
(394, 0, 'form_weather', '127.0.0.1', '2018-03-17 11:49:19'),
(395, 0, 'form_weather', '127.0.0.1', '2018-03-17 11:49:26'),
(396, 0, 'form_terms', '127.0.0.1', '2018-03-17 11:49:43'),
(397, 0, 'form_index', '127.0.0.1', '2018-03-17 11:49:49'),
(398, 0, 'form_terms', '127.0.0.1', '2018-03-17 11:49:51'),
(399, 0, 'form_about', '127.0.0.1', '2018-03-17 11:50:34'),
(400, 0, 'form_about', '127.0.0.1', '2018-03-17 11:51:20'),
(401, 0, 'form_index', '127.0.0.1', '2018-03-17 11:51:46'),
(402, 0, 'form_index', '127.0.0.1', '2018-03-17 11:51:59'),
(403, 0, 'form_index', '127.0.0.1', '2018-03-17 11:52:49'),
(404, 0, 'form_terms', '127.0.0.1', '2018-03-17 11:53:53'),
(405, 0, 'form_index', '127.0.0.1', '2018-03-17 11:54:10'),
(406, 0, 'form_weather', '127.0.0.1', '2018-03-17 11:54:12'),
(407, 0, 'form_index', '127.0.0.1', '2018-03-17 11:54:52'),
(408, 0, 'form_index', '127.0.0.1', '2018-03-17 11:56:12'),
(409, 0, 'form_index', '127.0.0.1', '2018-03-17 12:02:47'),
(410, 0, 'form_index', '127.0.0.1', '2018-03-17 12:03:58'),
(411, 0, 'form_index', '127.0.0.1', '2018-03-17 12:04:16'),
(412, 0, 'form_index', '127.0.0.1', '2018-03-17 12:05:06'),
(413, 0, 'form_index', '127.0.0.1', '2018-03-17 12:05:46'),
(414, 0, 'form_index', '127.0.0.1', '2018-03-17 12:07:15'),
(415, 0, 'form_index', '127.0.0.1', '2018-03-17 12:08:37'),
(416, 0, 'form_index', '127.0.0.1', '2018-03-17 12:09:35'),
(417, 0, 'form_index', '127.0.0.1', '2018-03-17 12:10:23'),
(418, 0, 'form_index', '127.0.0.1', '2018-03-17 12:10:42'),
(419, 0, 'form_index', '127.0.0.1', '2018-03-17 12:11:17'),
(420, 0, 'form_index', '127.0.0.1', '2018-03-17 12:11:57'),
(421, 0, 'form_index', '127.0.0.1', '2018-03-17 12:13:37'),
(422, 0, 'form_weather', '127.0.0.1', '2018-03-17 12:14:10'),
(423, 0, 'form_oryza', '127.0.0.1', '2018-03-17 12:14:14'),
(424, 0, 'form_index', '127.0.0.1', '2018-03-17 12:14:18'),
(425, 0, 'form_oryza', '127.0.0.1', '2018-03-17 12:14:19'),
(426, 0, 'form_weather', '127.0.0.1', '2018-03-17 12:14:27'),
(427, 0, 'form_oryza', '127.0.0.1', '2018-03-17 12:14:45'),
(428, 0, 'form_index', '127.0.0.1', '2018-03-17 12:15:04'),
(429, 0, 'form_weather', '127.0.0.1', '2018-03-17 12:15:54'),
(430, 0, 'form_index', '127.0.0.1', '2018-03-17 12:30:02'),
(431, 0, 'form_index', '127.0.0.1', '2018-03-17 12:30:59'),
(432, 0, 'form_index', '127.0.0.1', '2018-03-17 12:32:05'),
(433, 0, 'form_index', '127.0.0.1', '2018-03-17 12:34:45'),
(434, 0, 'form_index', '127.0.0.1', '2018-03-17 12:35:08'),
(435, 0, 'form_about', '127.0.0.1', '2018-03-17 12:35:48'),
(436, 0, 'form_index', '127.0.0.1', '2018-03-17 21:31:43'),
(437, 0, 'form_weather', '127.0.0.1', '2018-03-17 21:31:48'),
(438, 0, 'form_weather', '127.0.0.1', '2018-03-17 21:44:33'),
(439, 0, 'form_weather', '127.0.0.1', '2018-03-17 21:46:12'),
(440, 0, 'form_weather', '127.0.0.1', '2018-03-17 21:50:18'),
(441, 0, 'form_weather', '127.0.0.1', '2018-03-17 21:50:25'),
(442, 0, 'form_weather', '127.0.0.1', '2018-03-17 21:56:03'),
(443, 0, 'form_weather', '127.0.0.1', '2018-03-17 22:00:01'),
(444, 0, 'form_weather', '127.0.0.1', '2018-03-17 22:00:40'),
(445, 0, 'form_weather', '127.0.0.1', '2018-03-17 22:01:42'),
(446, 0, 'form_weather', '127.0.0.1', '2018-03-17 22:02:10'),
(447, 0, 'form_weather', '127.0.0.1', '2018-03-17 22:02:20'),
(448, 0, 'form_weather', '127.0.0.1', '2018-03-17 22:02:52'),
(449, 0, 'form_weather', '127.0.0.1', '2018-03-17 22:13:25'),
(450, 0, 'form_weather', '127.0.0.1', '2018-03-17 22:22:07'),
(451, 0, 'form_weather', '127.0.0.1', '2018-03-17 22:23:10'),
(452, 0, 'form_weather', '127.0.0.1', '2018-03-17 22:25:01'),
(453, 0, 'form_weather', '127.0.0.1', '2018-03-17 22:26:16'),
(454, 0, 'form_weather', '127.0.0.1', '2018-03-17 22:26:50'),
(455, 0, 'form_weather', '127.0.0.1', '2018-03-17 22:27:42'),
(456, 0, 'form_weather', '127.0.0.1', '2018-03-17 22:30:11'),
(457, 0, 'form_weather', '127.0.0.1', '2018-03-17 22:30:49'),
(458, 0, 'form_weather', '127.0.0.1', '2018-03-17 22:32:04'),
(459, 0, 'form_weather', '127.0.0.1', '2018-03-17 22:32:18'),
(460, 0, 'form_weather', '127.0.0.1', '2018-03-17 22:34:58'),
(461, 0, 'form_weather', '127.0.0.1', '2018-03-17 22:35:34'),
(462, 0, 'form_weather', '127.0.0.1', '2018-03-17 22:36:55'),
(463, 0, 'form_weather', '127.0.0.1', '2018-03-17 22:38:56'),
(464, 0, 'form_weather', '127.0.0.1', '2018-03-17 22:40:13'),
(465, 0, 'form_weather', '127.0.0.1', '2018-03-17 22:40:37'),
(466, 0, 'form_weather', '127.0.0.1', '2018-03-17 22:45:16'),
(467, 0, 'form_weather', '127.0.0.1', '2018-03-17 22:47:17'),
(468, 0, 'form_weather', '127.0.0.1', '2018-03-17 22:49:03'),
(469, 0, 'form_weather', '127.0.0.1', '2018-03-17 22:50:38'),
(470, 0, 'form_weather', '127.0.0.1', '2018-03-17 22:50:59'),
(471, 0, 'form_weather', '127.0.0.1', '2018-03-17 22:51:23'),
(472, 0, 'form_weather', '127.0.0.1', '2018-03-17 22:52:42'),
(473, 0, 'form_weather', '127.0.0.1', '2018-03-17 22:53:02'),
(474, 0, 'form_weather', '127.0.0.1', '2018-03-17 22:54:21'),
(475, 0, 'form_weather', '127.0.0.1', '2018-03-17 22:55:15'),
(476, 0, 'form_weather', '127.0.0.1', '2018-03-17 22:58:58'),
(477, 0, 'form_weather', '127.0.0.1', '2018-03-17 23:02:30'),
(478, 0, 'form_weather', '127.0.0.1', '2018-03-17 23:03:30'),
(479, 0, 'form_index', '127.0.0.1', '2018-03-17 23:05:16'),
(480, 0, 'form_index', '127.0.0.1', '2018-03-17 23:05:42'),
(481, 0, 'form_weather', '127.0.0.1', '2018-03-17 23:06:51'),
(482, 0, 'form_weather', '127.0.0.1', '2018-03-17 23:08:19'),
(483, 0, 'form_weather', '127.0.0.1', '2018-03-17 23:08:27'),
(484, 0, 'form_weather', '127.0.0.1', '2018-03-17 23:12:35'),
(485, 0, 'form_weather', '127.0.0.1', '2018-03-17 23:15:10'),
(486, 0, 'form_weather', '127.0.0.1', '2018-03-17 23:15:20'),
(487, 0, 'form_weather', '127.0.0.1', '2018-03-17 23:16:19'),
(488, 0, 'form_weather', '127.0.0.1', '2018-03-17 23:17:13'),
(489, 0, 'form_weather', '127.0.0.1', '2018-03-17 23:19:10'),
(490, 0, 'form_weather', '127.0.0.1', '2018-03-17 23:19:27'),
(491, 0, 'form_weather', '127.0.0.1', '2018-03-17 23:21:26'),
(492, 0, 'form_weather', '127.0.0.1', '2018-03-17 23:23:26'),
(493, 0, 'form_weather', '127.0.0.1', '2018-03-17 23:23:36'),
(494, 0, 'form_weather', '127.0.0.1', '2018-03-17 23:25:03'),
(495, 0, 'form_weather', '127.0.0.1', '2018-03-17 23:25:59'),
(496, 0, 'form_weather', '127.0.0.1', '2018-03-17 23:27:28'),
(497, 0, 'form_weather', '127.0.0.1', '2018-03-17 23:28:32'),
(498, 0, 'form_weather', '127.0.0.1', '2018-03-17 23:29:18'),
(499, 0, 'form_weather', '127.0.0.1', '2018-03-17 23:30:14'),
(500, 0, 'form_weather', '127.0.0.1', '2018-03-17 23:32:00'),
(501, 0, 'form_weather', '127.0.0.1', '2018-03-17 23:32:44'),
(502, 0, 'form_weather', '127.0.0.1', '2018-03-17 23:38:01'),
(503, 0, 'form_weather', '127.0.0.1', '2018-03-17 23:38:44'),
(504, 0, 'form_weather', '127.0.0.1', '2018-03-17 23:41:31'),
(505, 0, 'form_weather', '127.0.0.1', '2018-03-17 23:42:49'),
(506, 0, 'form_index', '127.0.0.1', '2018-03-18 18:24:38'),
(507, 0, 'form_weather', '127.0.0.1', '2018-03-18 18:24:45'),
(508, 0, 'form_weather', '127.0.0.1', '2018-03-18 18:30:35'),
(509, 0, 'form_weather', '127.0.0.1', '2018-03-18 18:31:03'),
(510, 0, 'form_weather', '127.0.0.1', '2018-03-18 18:31:11'),
(511, 0, 'form_weather', '127.0.0.1', '2018-03-18 18:31:12'),
(512, 0, 'form_weather', '127.0.0.1', '2018-03-18 18:32:33'),
(513, 0, 'form_weather', '127.0.0.1', '2018-03-18 18:35:46'),
(514, 0, 'form_weather', '127.0.0.1', '2018-03-18 18:36:11'),
(515, 0, 'form_weather', '127.0.0.1', '2018-03-18 18:36:43'),
(516, 0, 'form_weather', '127.0.0.1', '2018-03-18 18:38:01'),
(517, 0, 'form_weather', '127.0.0.1', '2018-03-18 18:38:19'),
(518, 0, 'form_weather', '127.0.0.1', '2018-03-18 18:39:11'),
(519, 0, 'form_weather', '127.0.0.1', '2018-03-18 18:40:41'),
(520, 0, 'form_weather', '127.0.0.1', '2018-03-18 18:41:21'),
(521, 0, 'form_weather', '127.0.0.1', '2018-03-18 18:44:21'),
(522, 0, 'form_weather', '127.0.0.1', '2018-03-18 18:46:30'),
(523, 0, 'form_weather', '127.0.0.1', '2018-03-18 18:46:52'),
(524, 0, 'form_weather', '127.0.0.1', '2018-03-18 18:48:48'),
(525, 0, 'form_weather', '127.0.0.1', '2018-03-18 18:56:01'),
(526, 0, 'form_weather', '127.0.0.1', '2018-03-18 18:56:33'),
(527, 0, 'form_weather', '127.0.0.1', '2018-03-18 18:58:03'),
(528, 0, 'form_weather', '127.0.0.1', '2018-03-18 19:00:22'),
(529, 0, 'form_weather', '127.0.0.1', '2018-03-18 19:01:33'),
(530, 0, 'form_weather', '127.0.0.1', '2018-03-18 19:01:57'),
(531, 0, 'form_weather', '127.0.0.1', '2018-03-18 19:02:20'),
(532, 0, 'form_weather', '127.0.0.1', '2018-03-18 19:03:31'),
(533, 0, 'form_weather', '127.0.0.1', '2018-03-18 19:05:35'),
(534, 0, 'form_weather', '127.0.0.1', '2018-03-18 19:05:45'),
(535, 0, 'form_weather', '127.0.0.1', '2018-03-18 19:06:03'),
(536, 0, 'form_weather', '127.0.0.1', '2018-03-18 19:06:12'),
(537, 0, 'form_weather', '127.0.0.1', '2018-03-18 19:08:27'),
(538, 0, 'form_weather', '127.0.0.1', '2018-03-18 19:10:01'),
(539, 0, 'form_weather', '127.0.0.1', '2018-03-18 19:12:10'),
(540, 0, 'form_weather', '127.0.0.1', '2018-03-18 19:12:54'),
(541, 0, 'form_weather', '127.0.0.1', '2018-03-18 19:15:24'),
(542, 0, 'form_weather', '127.0.0.1', '2018-03-18 19:17:08'),
(543, 0, 'form_oryza', '127.0.0.1', '2018-03-18 19:18:04'),
(544, 0, 'form_oryza', '127.0.0.1', '2018-03-18 19:21:12'),
(545, 0, 'form_oryza', '127.0.0.1', '2018-03-18 19:21:35'),
(546, 0, 'form_oryza', '127.0.0.1', '2018-03-18 19:23:07'),
(547, 0, 'form_weather', '127.0.0.1', '2018-03-18 19:23:09'),
(548, 0, 'form_oryza', '127.0.0.1', '2018-03-18 19:23:16'),
(549, 0, 'form_weather', '127.0.0.1', '2018-03-18 19:23:48'),
(550, 0, 'form_oryza', '127.0.0.1', '2018-03-18 19:24:48'),
(551, 0, 'form_oryza', '127.0.0.1', '2018-03-18 19:25:23'),
(552, 0, 'form_weather', '127.0.0.1', '2018-03-18 19:25:33'),
(553, 0, 'form_index', '127.0.0.1', '2018-03-18 19:25:48'),
(554, 0, 'form_weather', '127.0.0.1', '2018-03-18 19:25:49'),
(555, 0, 'form_index', '127.0.0.1', '2018-03-18 19:26:00'),
(556, 0, 'form_weather', '127.0.0.1', '2018-03-18 19:26:02'),
(557, 0, 'form_about', '127.0.0.1', '2018-03-18 19:26:15'),
(558, 0, 'form_index', '127.0.0.1', '2018-03-18 19:26:17'),
(559, 0, 'form_weather', '127.0.0.1', '2018-03-18 19:26:18'),
(560, 0, 'form_weather', '127.0.0.1', '2018-03-18 19:33:58'),
(561, 1, 'form_weather', '127.0.0.1', '2018-03-18 19:34:02'),
(562, 1, 'form_weather', '127.0.0.1', '2018-03-18 19:34:30'),
(563, 1, 'form_weather', '127.0.0.1', '2018-03-18 19:34:31'),
(564, 1, 'form_about', '127.0.0.1', '2018-03-18 19:34:32'),
(565, 0, 'form_index', '127.0.0.1', '2018-03-18 19:34:42'),
(566, 0, 'form_weather', '127.0.0.1', '2018-03-18 19:34:44'),
(567, 1, 'form_weather', '127.0.0.1', '2018-03-18 19:34:47'),
(568, 1, 'form_oryza', '127.0.0.1', '2018-03-18 19:34:50'),
(569, 0, 'form_index', '127.0.0.1', '2018-03-18 19:35:01'),
(570, 0, 'form_weather', '127.0.0.1', '2018-03-18 19:35:03'),
(571, 1, 'form_weather', '127.0.0.1', '2018-03-18 19:35:04'),
(572, 0, 'form_index', '127.0.0.1', '2018-03-18 19:35:14'),
(573, 0, 'form_weather', '127.0.0.1', '2018-03-18 19:35:16'),
(574, 1, 'form_weather', '127.0.0.1', '2018-03-18 19:35:18'),
(575, 1, 'form_about', '127.0.0.1', '2018-03-18 19:35:35'),
(576, 1, 'form_about', '127.0.0.1', '2018-03-18 19:35:48'),
(577, 0, 'form_index', '127.0.0.1', '2018-03-18 19:35:58'),
(578, 0, 'form_weather', '127.0.0.1', '2018-03-18 19:36:00'),
(579, 1, 'form_weather', '127.0.0.1', '2018-03-18 19:36:03'),
(580, 1, 'form_weather', '127.0.0.1', '2018-03-18 19:36:09'),
(581, 1, 'form_oryza', '127.0.0.1', '2018-03-18 19:36:10'),
(582, 1, 'form_weather', '127.0.0.1', '2018-03-18 19:36:12'),
(583, 1, 'form_index', '127.0.0.1', '2018-03-18 19:38:57'),
(584, 1, 'form_weather', '127.0.0.1', '2018-03-18 19:38:59'),
(585, 0, 'form_index', '127.0.0.1', '2018-03-18 19:39:09'),
(586, 0, 'form_weather', '127.0.0.1', '2018-03-18 19:39:12'),
(587, 0, 'form_weather', '127.0.0.1', '2018-03-18 19:40:02'),
(588, 0, 'form_weather', '127.0.0.1', '2018-03-18 19:40:15'),
(589, 0, 'form_oryza', '127.0.0.1', '2018-03-18 19:40:20'),
(590, 0, 'form_weather', '127.0.0.1', '2018-03-18 19:40:25'),
(591, 0, 'form_weather', '127.0.0.1', '2018-03-18 19:42:06'),
(592, 0, 'form_weather', '127.0.0.1', '2018-03-18 19:43:34'),
(593, 0, 'form_weather', '127.0.0.1', '2018-03-18 20:24:17'),
(594, 0, 'form_weather', '127.0.0.1', '2018-03-18 20:26:20'),
(595, 0, 'form_weather', '127.0.0.1', '2018-03-18 20:27:16'),
(596, 0, 'form_weather', '127.0.0.1', '2018-03-18 20:27:34'),
(597, 0, 'form_weather', '127.0.0.1', '2018-03-18 20:27:38'),
(598, 0, 'form_weather', '127.0.0.1', '2018-03-18 20:28:54'),
(599, 0, 'form_weather', '127.0.0.1', '2018-03-18 20:29:11'),
(600, 0, 'form_weather', '127.0.0.1', '2018-03-18 20:30:54'),
(601, 0, 'form_weather', '127.0.0.1', '2018-03-18 20:31:50'),
(602, 0, 'form_weather', '127.0.0.1', '2018-03-18 20:32:40'),
(603, 0, 'form_weather', '127.0.0.1', '2018-03-18 20:33:13'),
(604, 1, 'form_weather', '127.0.0.1', '2018-03-18 20:33:17'),
(605, 1, 'form_weather', '127.0.0.1', '2018-03-18 20:33:22'),
(606, 1, 'form_weather', '127.0.0.1', '2018-03-18 20:33:25'),
(607, 0, 'form_index', '127.0.0.1', '2018-03-18 20:33:44'),
(608, 0, 'form_weather', '127.0.0.1', '2018-03-18 20:33:47'),
(609, 0, 'form_weather', '127.0.0.1', '2018-03-18 20:49:10'),
(610, 0, 'form_weather', '127.0.0.1', '2018-03-18 20:49:45'),
(611, 0, 'form_weather', '127.0.0.1', '2018-03-18 20:50:26'),
(612, 0, 'form_weather', '127.0.0.1', '2018-03-18 20:51:37'),
(613, 0, 'form_weather', '127.0.0.1', '2018-03-18 20:52:35'),
(614, 0, 'form_weather', '127.0.0.1', '2018-03-18 20:52:58'),
(615, 0, 'form_weather', '127.0.0.1', '2018-03-18 20:53:15'),
(616, 0, 'form_weather', '127.0.0.1', '2018-03-18 20:53:27'),
(617, 0, 'form_weather', '127.0.0.1', '2018-03-18 20:56:23'),
(618, 0, 'form_weather', '127.0.0.1', '2018-03-18 21:02:37'),
(619, 0, 'form_weather', '127.0.0.1', '2018-03-18 21:04:02'),
(620, 0, 'form_weather', '127.0.0.1', '2018-03-18 21:04:28'),
(621, 0, 'form_index', '127.0.0.1', '2018-03-18 21:05:00'),
(622, 0, 'form_index', '127.0.0.1', '2018-03-18 21:05:02'),
(623, 0, 'form_weather', '127.0.0.1', '2018-03-18 21:05:06'),
(624, 1, 'form_weather', '127.0.0.1', '2018-03-18 21:05:10'),
(625, 1, 'form_index', '127.0.0.1', '2018-03-18 21:05:48'),
(626, 1, 'form_weather', '127.0.0.1', '2018-03-18 21:05:52'),
(627, 1, 'form_weather', '127.0.0.1', '2018-03-18 21:05:54'),
(628, 0, 'form_index', '127.0.0.1', '2018-03-18 21:06:04'),
(629, 0, 'form_weather', '127.0.0.1', '2018-03-18 21:06:07'),
(630, 0, 'form_weather', '127.0.0.1', '2018-03-18 21:07:15'),
(631, 1, 'form_weather', '127.0.0.1', '2018-03-18 21:07:20'),
(632, 1, 'form_weather', '127.0.0.1', '2018-03-18 21:08:09'),
(633, 1, 'form_oryza', '127.0.0.1', '2018-03-18 21:08:11'),
(634, 1, 'form_index', '127.0.0.1', '2018-03-18 21:08:36'),
(635, 1, 'form_index', '127.0.0.1', '2018-03-18 21:09:56'),
(636, 1, 'form_about', '127.0.0.1', '2018-03-18 21:11:52'),
(637, 1, 'form_terms', '127.0.0.1', '2018-03-18 21:11:54'),
(638, 1, 'form_index', '127.0.0.1', '2018-03-18 21:18:15'),
(639, 1, 'form_index', '127.0.0.1', '2018-03-18 21:18:31'),
(640, 1, 'form_index', '127.0.0.1', '2018-03-18 21:19:06'),
(641, 1, 'form_index', '127.0.0.1', '2018-03-18 21:19:44'),
(642, 1, 'form_index', '127.0.0.1', '2018-03-18 21:20:27'),
(643, 1, 'form_index', '127.0.0.1', '2018-03-18 21:20:47'),
(644, 1, 'form_index', '127.0.0.1', '2018-03-18 21:22:53'),
(645, 1, 'form_index', '127.0.0.1', '2018-03-18 21:23:44'),
(646, 1, 'form_index', '127.0.0.1', '2018-03-18 21:29:52'),
(647, 1, 'form_index', '127.0.0.1', '2018-03-18 21:30:15'),
(648, 1, 'form_index', '127.0.0.1', '2018-03-18 21:30:50'),
(649, 1, 'form_index', '127.0.0.1', '2018-03-18 21:32:20'),
(650, 1, 'form_index', '127.0.0.1', '2018-03-18 21:36:37'),
(651, 1, 'form_oryza', '127.0.0.1', '2018-03-18 22:07:30'),
(652, 1, 'form_terms', '127.0.0.1', '2018-03-18 22:07:33'),
(653, 1, 'form_weather', '127.0.0.1', '2018-03-18 22:07:39');

-- --------------------------------------------------------

--
-- Table structure for table `oryza_access`
--

CREATE TABLE IF NOT EXISTS `oryza_access` (
  `userid` smallint(5) unsigned NOT NULL,
  `country_code` varchar(2) NOT NULL,
  `station_id` smallint(5) unsigned NOT NULL
) ENGINE=MyISAM DEFAULT CHARSET=ascii;

-- --------------------------------------------------------

--
-- Table structure for table `oryza_access_log`
--

CREATE TABLE IF NOT EXISTS `oryza_access_log` (
  `userid` smallint(5) unsigned NOT NULL,
  `country_code` varchar(2) NOT NULL DEFAULT 'ID',
  `station_id` smallint(5) unsigned NOT NULL,
  `year` smallint(5) unsigned NOT NULL,
  `wtype` enum('r','f') DEFAULT 'r',
  `variety` varchar(100) NOT NULL,
  `fert` tinyint(3) unsigned NOT NULL DEFAULT '1',
  `create_date` datetime NOT NULL
) ENGINE=MyISAM DEFAULT CHARSET=ascii;

-- --------------------------------------------------------

--
-- Table structure for table `rcm_fertilizer`
--

CREATE TABLE IF NOT EXISTS `rcm_fertilizer` (
  `id` smallint(6) NOT NULL,
  `ftype` enum('1','2') CHARACTER SET latin1 NOT NULL DEFAULT '1',
  `country_code` char(2) CHARACTER SET latin1 NOT NULL,
  `station_id` smallint(5) unsigned NOT NULL,
  `variety` varchar(255) CHARACTER SET latin1 NOT NULL,
  `yld` decimal(4,2) NOT NULL,
  `n1` smallint(6) NOT NULL DEFAULT '0',
  `n1day` tinyint(3) unsigned NOT NULL,
  `n2` smallint(6) NOT NULL DEFAULT '0',
  `n2day` tinyint(3) unsigned NOT NULL,
  `n3` smallint(6) NOT NULL DEFAULT '0',
  `n3day` tinyint(3) unsigned NOT NULL,
  `p1` smallint(6) DEFAULT NULL,
  `p2` smallint(6) DEFAULT NULL,
  `p3` smallint(6) DEFAULT NULL,
  `k1` smallint(6) DEFAULT NULL,
  `k2` smallint(6) DEFAULT NULL,
  `k3` smallint(6) DEFAULT NULL,
  `date_created` date NOT NULL
) ENGINE=MyISAM AUTO_INCREMENT=31 DEFAULT CHARSET=ascii;

--
-- Dumping data for table `rcm_fertilizer`
--

INSERT INTO `rcm_fertilizer` (`id`, `ftype`, `country_code`, `station_id`, `variety`, `yld`, `n1`, `n1day`, `n2`, `n2day`, `n3`, `n3day`, `p1`, `p2`, `p3`, `k1`, `k2`, `k3`, `date_created`) VALUES
(21, '2', '00', 0, '', '3.30', 0, 14, 30, 30, 30, 45, 21, NULL, NULL, 20, NULL, 20, '2014-01-01'),
(22, '2', '00', 0, '', '3.80', 20, 14, 26, 30, 26, 45, 24, NULL, NULL, 24, NULL, 24, '2014-01-01'),
(23, '2', '00', 0, '', '4.30', 20, 14, 32, 30, 32, 45, 26, NULL, NULL, 28, NULL, 28, '2014-01-01'),
(24, '2', '00', 0, '', '4.90', 20, 14, 37, 30, 37, 45, 29, NULL, NULL, 32, NULL, 32, '2014-01-01'),
(25, '2', '00', 0, '', '5.50', 30, 14, 38, 30, 38, 45, 32, NULL, NULL, 36, NULL, 36, '2014-01-01'),
(26, '2', '00', 0, '', '6.10', 30, 14, 44, 30, 44, 45, 35, NULL, NULL, 40, NULL, 40, '2014-01-01'),
(27, '2', '00', 0, '', '6.60', 35, 14, 48, 30, 48, 45, 38, NULL, NULL, 44, NULL, 44, '2014-01-01'),
(28, '2', '00', 0, '', '7.80', 40, 14, 51, 30, 51, 45, 41, NULL, NULL, 47, NULL, 47, '2014-01-01'),
(4, '1', 'PH', 0, '', '0.00', 30, 22, 60, 40, 30, 57, NULL, NULL, NULL, NULL, NULL, NULL, '2014-01-01'),
(3, '1', 'LA', 0, '', '0.00', 30, 22, 60, 40, 30, 57, NULL, NULL, NULL, NULL, NULL, NULL, '2014-01-01'),
(2, '1', 'TH', 0, '', '0.00', 30, 22, 60, 40, 30, 57, NULL, NULL, NULL, NULL, NULL, NULL, '2014-01-01'),
(1, '1', 'ID', 0, '', '0.00', 30, 22, 60, 40, 30, 57, NULL, NULL, NULL, NULL, NULL, NULL, '2014-01-01'),
(29, '1', 'ID', 98, '', '0.00', 83, 22, 83, 40, 83, 57, NULL, NULL, NULL, NULL, NULL, NULL, '2018-03-01'),
(30, '1', 'ID', 100, '', '0.00', 0, 22, 150, 40, 100, 57, NULL, NULL, NULL, NULL, NULL, NULL, '2018-03-01');

-- --------------------------------------------------------

--
-- Table structure for table `regions`
--

CREATE TABLE IF NOT EXISTS `regions` (
  `region_id` smallint(5) unsigned NOT NULL,
  `country_code` varchar(2) NOT NULL DEFAULT 'ID',
  `parent_region` smallint(5) unsigned DEFAULT NULL,
  `region_name` varchar(255) NOT NULL
) ENGINE=MyISAM AUTO_INCREMENT=60 DEFAULT CHARSET=utf8;

--
-- Dumping data for table `regions`
--

INSERT INTO `regions` (`region_id`, `country_code`, `parent_region`, `region_name`) VALUES
(1, 'ID', NULL, 'Central Java'),
(2, 'ID', NULL, 'South Sulawesi'),
(3, 'ID', NULL, 'Nusa Tenggara Barat'),
(4, 'ID', NULL, 'North Sumatra'),
(5, 'ID', NULL, 'East Java'),
(6, 'ID', 1, 'Pati, Jaken'),
(7, 'ID', 2, 'Maros, Moncongloe'),
(8, 'ID', 3, 'Lombok Tengah'),
(9, 'ID', 4, 'Deli Serdang'),
(10, 'ID', 5, 'Pasyruan, Wonojero'),
(11, 'PH', NULL, 'Reqion IV'),
(12, 'PH', 11, 'Laguna'),
(53, 'ID', 56, 'unknown'),
(13, 'LA', NULL, 'Campasak'),
(14, 'ID', NULL, 'Khammouane'),
(15, 'LA', NULL, 'Savannahkhét'),
(16, 'LA', NULL, 'Vientiane'),
(17, 'ID', 2, 'Bantaeng'),
(18, 'ID', 1, 'Banyumas'),
(19, 'ID', 1, 'Batang'),
(20, 'ID', 1, 'Blora'),
(21, 'LA', 15, 'Champone'),
(22, 'ID', 1, 'Cilacap'),
(51, 'ID', 54, 'unknown'),
(24, 'ID', 1, 'Demak'),
(25, 'ID', 1, 'Grobogan'),
(26, 'ID', 1, 'Jepara'),
(27, 'ID', 1, 'Karanganyar'),
(28, 'ID', 1, 'Kebumen'),
(29, 'ID', 1, 'Kendal'),
(30, 'ID', 1, 'Kota Pekalongan'),
(31, 'ID', 1, 'Kota Surakarta'),
(32, 'ID', 1, 'Kota Tegal'),
(33, 'ID', 1, 'Kudus'),
(52, 'ID', 55, 'unknown'),
(35, 'ID', 1, 'Magelang'),
(36, 'LA', 15, 'Naphok'),
(37, 'LA', 15, 'Outhoumphone'),
(38, 'LA', 13, 'Pak Sé'),
(39, 'ID', 1, 'Pati'),
(40, 'ID', 16, 'Phonhong'),
(41, 'LA', 15, 'Savannahkhét'),
(42, 'ID', 1, 'Semarang'),
(43, 'ID', 49, 'Subang'),
(44, 'ID', 1, 'Temanggung'),
(45, 'LA', 14, 'Thakek'),
(46, 'ID', 1, 'Wonogiri'),
(47, 'ID', 1, 'Wonosobo'),
(48, 'LA', 15, 'Xépôn'),
(50, 'ID', 54, 'unknown'),
(49, 'ID', NULL, 'West Java'),
(54, 'TH', NULL, 'Nakhon Phanom'),
(55, 'ID', NULL, 'Nakhon Ratchasima'),
(56, 'TH', NULL, 'Mukdahan'),
(57, 'PH', NULL, 'Region III'),
(58, 'PH', NULL, 'NCR'),
(59, 'PH', 57, 'Nueva Ecija');

-- --------------------------------------------------------

--
-- Table structure for table `system_options`
--

CREATE TABLE IF NOT EXISTS `system_options` (
  `id` varchar(255) CHARACTER SET latin1 NOT NULL,
  `otype` enum('string','integer','boolean') CHARACTER SET latin1 NOT NULL DEFAULT 'string',
  `ovalue` varchar(255) CHARACTER SET latin1 NOT NULL
) ENGINE=MyISAM DEFAULT CHARSET=ascii;

--
-- Dumping data for table `system_options`
--

INSERT INTO `system_options` (`id`, `otype`, `ovalue`) VALUES
('_ADM_SHOW_MENU', 'boolean', '0'),
('_OPT_SHOW_DATAGRID', 'boolean', '0'),
('_ORYZACHART_SHOW_ALLDATES', 'boolean', '0'),
('_ORYZACHART_SHOW_NPK', 'boolean', '0'),
('_ADM_ORYZA_LOAD_TEST', 'string', '0'),
('_ADM_SHOW_LOAD_ORYZA_DETAIL', 'string', '0'),
('_ORYZA_VARIETIES', 'string', 'Ciherang.E12,Inpari10.crp'),
('_ORYZA_LCHK_LA', 'string', 'Ciherang.E12'),
('_ORYZA_LCHK_TH', 'string', 'IR64.J96'),
('_ORYZA_LCHK_PH', 'string', 'IR64.J96'),
('_OPT_GOOGLE_ANALYTICS', 'string', '0'),
('_SHOW_MAP', 'string', '0'),
('_DB_DATA', 'string', 'werise_dss_data_zel'),
('_ORYZA_VERSION', 'string', '3'),
('_ORYZA_NITROENV_NOFERT', 'string', 'NITROGEN BALANCE'),
('_ORYZA_NITROENV_GENFERT', 'string', 'NITROGEN BALANCE'),
('_ORYZA_LCHK_ID', 'string', 'Ciherang.E12'),
('_SHOW_HISTORICAL', 'string', '1'),
('_ORYZA_INTERVAL', 'string', '1');

-- --------------------------------------------------------

--
-- Table structure for table `users`
--

CREATE TABLE IF NOT EXISTS `users` (
  `userid` smallint(5) unsigned NOT NULL,
  `username` varchar(20) NOT NULL,
  `password` varchar(256) NOT NULL,
  `fullname` varchar(255) NOT NULL,
  `address` text NOT NULL,
  `email` varchar(255) NOT NULL,
  `phone` varchar(20) NOT NULL,
  `is_enabled` tinyint(4) NOT NULL DEFAULT '1',
  `date_created` datetime NOT NULL
) ENGINE=MyISAM AUTO_INCREMENT=9 DEFAULT CHARSET=ascii;

--
-- Dumping data for table `users`
--

INSERT INTO `users` (`userid`, `username`, `password`, `fullname`, `address`, `email`, `phone`, `is_enabled`, `date_created`) VALUES
(1, 'admin', '1253fc81e0a0ae9ec47e954992d5b1a3', 'archie roland llorca', 'irri', 'archie_llorca@hotmail.com', '12345678901234567890', 1, '2016-01-15 00:00:00'),
(2, 'archie', '0fbcdfabbea47323ec48d1eae442e44a', '', '', '', '', 1, '2016-01-08 00:00:00'),
(4, 'archie2', '25d55ad283aa400af464c76d713c07ad', 'archie llorca', '', 'archie@test.com', '', 1, '2016-01-16 21:33:40'),
(5, 'archie3', '25d55ad283aa400af464c76d713c07ad', 'archie roland llorca', '', 'archie3@test.com', '', 1, '2016-01-16 22:20:32'),
(6, 'archie4', '25d55ad283aa400af464c76d713c07ad', 'archie llorca', '', 'archie4@test.com', '', 1, '2016-01-17 20:38:32'),
(7, 'archie6', '25d55ad283aa400af464c76d713c07ad', 'archie', '', 'archie6@test.com', '', 1, '2016-01-17 20:58:46'),
(8, 'archie7', '25d55ad283aa400af464c76d713c07ad', 'archie', 'asga sdfhsdh hf sfgjsrjhsfhsf fj df jf dfj', 'archie7@tet.o', '542522452562', 1, '2016-01-17 21:20:27');

-- --------------------------------------------------------

--
-- Table structure for table `users_info`
--

CREATE TABLE IF NOT EXISTS `users_info` (
  `userid` smallint(5) unsigned NOT NULL,
  `reason` text NOT NULL
) ENGINE=InnoDB DEFAULT CHARSET=latin1;

--
-- Dumping data for table `users_info`
--

INSERT INTO `users_info` (`userid`, `reason`) VALUES
(4, 'this is a test. this is a test. this is a test. this is a test. this is a test. this is a test. this is a test. this is a test. this is a test. this is a test. '),
(5, 'this is test. this is test. this is test. this is test. this is test. this is test. this is test. this is test. this is test. this is test. this is test. this is test. '),
(6, 'this is test. this is test. this is test. this is test. this is test. this is test. this is test. this is test. this is test. this is test. this is test. this is test. '),
(7, 'teshisgs. dhsdh. hsdd teshisgs. dhsdh. hsdd teshisgs. dhsdh. hsdd teshisgs. dhsdh. hsdd teshisgs. dhsdh. hsdd teshisgs. dhsdh. hsdd teshisgs. dhsdh. hsdd teshisgs. dhsdh. hsdd teshisgs. dhsdh. hsdd '),
(8, 'asdhsd sdhsd fj jasdhsd sdhsd fj jasdhsd sdhsd fj jasdhsd sdhsd fj jasdhsd sdhsd fj jasdhsd sdhsd fj jasdhsd sdhsd fj jasdhsd sdhsd fj jasdhsd sdhsd fj jasdhsd sdhsd fj j');

-- --------------------------------------------------------

--
-- Table structure for table `varieties`
--

CREATE TABLE IF NOT EXISTS `varieties` (
  `variety_id` smallint(5) unsigned NOT NULL,
  `variety_code` varchar(15) NOT NULL,
  `variety_name` varchar(50) NOT NULL,
  `maturity_min` tinyint(3) unsigned NOT NULL,
  `maturity_max` tinyint(3) unsigned NOT NULL,
  `maturity_group` enum('S','M','L') NOT NULL,
  `yield_avg` decimal(4,2) DEFAULT NULL,
  `yield_potential` decimal(4,2) DEFAULT NULL
) ENGINE=InnoDB AUTO_INCREMENT=130 DEFAULT CHARSET=latin1;

--
-- Dumping data for table `varieties`
--

INSERT INTO `varieties` (`variety_id`, `variety_code`, `variety_name`, `maturity_min`, `maturity_max`, `maturity_group`, `yield_avg`, `yield_potential`) VALUES
(1, 'Ciherang.E12', 'Ciherang', 116, 125, 'L', '5.00', '8.40'),
(2, '', 'Hipa 10', 114, 114, 'M', '8.10', '9.40'),
(3, '', 'Hipa 11', 114, 114, 'M', '8.40', '10.60'),
(4, '', 'Hipa 12 SBU', 105, 105, 'S', '7.70', '10.50'),
(5, '', 'Hipa 13', 105, 105, 'S', '7.70', '10.50'),
(6, '', 'Hipa 14 SBU', 112, 112, 'M', '8.40', '12.10'),
(7, '', 'Hipa 18', 113, 113, 'M', '7.80', '10.30'),
(8, '', 'Hipa 19', 111, 111, 'M', '1.80', '10.10'),
(9, '', 'Hipa 3', 116, 120, 'L', '8.50', '11.67'),
(10, '', 'Hipa 4', 114, 116, 'M', '8.01', '10.43'),
(11, '', 'Hipa 5 Ceva', 114, 129, 'L', '7.29', '8.40'),
(12, '', 'Hipa 6 Jete', 101, 128, 'L', '7.36', '10.60'),
(13, '', 'Hipa 7', 112, 112, 'M', '7.60', '11.40'),
(14, '', 'Hipa 8', 115, 115, 'M', '7.50', '10.40'),
(15, '', 'Hipa 9', 115, 115, 'M', '8.10', '10.40'),
(16, '', 'Hipa Jatim 1', 119, 119, 'M', '8.20', '10.00'),
(17, '', 'Hipa Jatim 3', 117, 117, 'M', '8.50', '10.70'),
(18, '', 'Hipa Katim 2', 119, 119, 'M', '9.30', '10.90'),
(19, '', 'Inpago 10', 115, 115, 'M', '4.00', '7.30'),
(20, '', 'Inpago 4', 124, 124, 'L', '4.10', '6.10'),
(21, '', 'Inpago 5', 118, 118, 'M', '4.00', '6.20'),
(22, '', 'Inpago 6', 113, 113, 'M', '3.90', '5.80'),
(23, '', 'Inpago 7', 111, 111, 'M', '4.60', '7.40'),
(24, '', 'Inpago 8', 119, 119, 'M', '5.20', '8.10'),
(25, '', 'Inpago 9', 109, 109, 'S', '5.20', '8.40'),
(26, '', 'Inpago Lipigo 4', 113, 113, 'M', '4.20', '7.10'),
(27, '', 'Inpara 1', 131, 131, 'L', '5.65', '6.47'),
(28, '', 'Inpara 2', 128, 128, 'L', '5.49', '6.08'),
(29, '', 'Inpara 3', 127, 127, 'L', '4.60', '5.60'),
(30, '', 'Inpara 4', 135, 135, 'L', '4.70', '7.60'),
(31, '', 'Inpara 5', 115, 115, 'M', '4.50', '7.20'),
(32, '', 'Inpara 6', 117, 117, 'M', '4.70', '6.00'),
(33, '', 'Inpara 8 Agritan', 105, 105, 'S', '4.70', '6.02'),
(34, '', 'Inpara 9 Agritan', 115, 115, 'M', '4.20', '5.60'),
(35, '', 'Inpari 1', 108, 108, 'S', '7.30', '10.00'),
(36, '', 'Inpari 10 Laeya', 112, 112, 'M', '4.80', '7.00'),
(37, '', 'Inpari 11', 105, 105, 'S', '6.50', '8.80'),
(38, '', 'Inpari 12', 99, 99, 'S', '6.20', '8.00'),
(39, '', 'Inpari 13', 99, 99, 'S', '6.60', '8.00'),
(40, '', 'Inpari 14 Pakuan', 113, 113, 'M', '6.60', '8.20'),
(41, '', 'Inpari 15 Parahyangan', 117, 117, 'M', '6.10', '7.50'),
(42, '', 'Inpari 16 Pasundan', 118, 118, 'M', '6.30', '7.60'),
(43, '', 'Inpari 17', 111, 111, 'M', '6.20', '7.90'),
(44, '', 'Inpari 18', 102, 102, 'S', '6.70', '9.50'),
(45, '', 'Inpari 19', 104, 104, 'S', '6.70', '9.50'),
(46, '', 'Inpari 2', 115, 115, 'M', '5.83', '7.30'),
(47, '', 'Inpari 20', 104, 104, 'S', '6.40', '8.80'),
(48, '', 'Inpari 21 Batipuah', 120, 120, 'L', '6.40', '8.20'),
(49, '', 'Inpari 22', 118, 118, 'M', '5.80', '7.90'),
(50, '', 'Inpari 23 Bantul', 113, 113, 'M', '6.90', '9.20'),
(51, '', 'Inpari 24 Gabusan', 111, 111, 'M', '6.70', '7.70'),
(52, '', 'Inpari 25 Opak Jaya', 115, 115, 'M', '7.00', '9.40'),
(53, '', 'Inpari 26', 124, 124, 'L', '5.70', '7.90'),
(54, '', 'Inpari 27', 125, 125, 'L', '5.70', '7.60'),
(55, '', 'Inpari 28 Kerinci', 120, 120, 'L', '6.60', '9.50'),
(56, '', 'Inpari 29 Rendaman', 110, 110, 'S', '6.50', '9.50'),
(57, '', 'Inpari 3', 110, 110, 'S', '6.05', '7.52'),
(58, '', 'Inpari 30 Ciherang', 111, 111, 'M', '7.20', '9.60'),
(59, '', 'Inpari 31', 119, 119, 'M', '6.00', '8.50'),
(60, '', 'Inpari 32 HDB', 120, 120, 'L', '6.30', '8.42'),
(61, '', 'Inpari 33', 107, 107, 'S', '6.60', '9.80'),
(62, '', 'Inpari 34 Salin Agritan', 102, 102, 'S', '5.10', '8.10'),
(63, '', 'Inpari 35 Salin Agritan', 106, 106, 'S', '5.30', '8.30'),
(64, '', 'Inpari 38', 115, 115, 'M', '5.71', '8.16'),
(65, '', 'Inpari 39', 115, 115, 'M', '5.89', '8.45'),
(66, '', 'Inpari 4', 115, 115, 'M', '6.04', '8.80'),
(67, '', 'Inpari 40', 116, 116, 'M', '5.79', '9.60'),
(68, '', 'Inpari 41 Agritan', 114, 114, 'M', '5.57', '7.83'),
(69, '', 'Inpari 5 Merawu', 115, 115, 'M', '5.74', '7.20'),
(70, '', 'Inpari 6 Jete', 118, 118, 'M', '6.82', '8.60'),
(71, '', 'Inpari 7 Lanrang', 110, 115, 'M', '6.20', '8.70'),
(72, '', 'Inpari 8', 125, 125, 'L', '6.30', '9.90'),
(73, '', 'Inpari 9 Elo', 125, 125, 'L', '6.40', '9.30'),
(74, '', 'Inpari Sidenuk', 103, 103, 'S', '6.90', '9.10'),
(75, '', 'Inpari Unsoed 79 Agritan', 109, 109, 'S', '4.90', '8.20'),
(76, '', 'Maro', 113, 113, 'M', '6.24', '8.85'),
(77, '', 'Mekongga', 116, 125, 'L', NULL, '6.00'),
(78, '', 'Rokan', 115, 115, 'M', '6.44', '9.24'),
(79, '', 'Situ Bagendit', 110, 120, 'L', '3.00', NULL),
(80, '', 'Situ Patenggang', 110, 120, 'L', '3.60', NULL),
(129, 'IR64.J96', 'IR64', 116, 125, 'L', '5.00', '9.20');

-- --------------------------------------------------------

--
-- Table structure for table `weather_access`
--

CREATE TABLE IF NOT EXISTS `weather_access` (
  `userid` smallint(5) unsigned NOT NULL,
  `country_code` varchar(2) NOT NULL,
  `station_id` smallint(5) unsigned NOT NULL
) ENGINE=MyISAM DEFAULT CHARSET=ascii;

-- --------------------------------------------------------

--
-- Table structure for table `weather_access_log`
--

CREATE TABLE IF NOT EXISTS `weather_access_log` (
  `userid` smallint(5) unsigned NOT NULL,
  `country_code` varchar(2) CHARACTER SET utf8 NOT NULL DEFAULT 'ID',
  `station_id` smallint(5) unsigned NOT NULL,
  `year` smallint(5) unsigned NOT NULL,
  `wtype` enum('r','f') CHARACTER SET utf8 NOT NULL DEFAULT 'r',
  `create_date` datetime NOT NULL
) ENGINE=MyISAM DEFAULT CHARSET=ascii ROW_FORMAT=FIXED;

--
-- Dumping data for table `weather_access_log`
--

INSERT INTO `weather_access_log` (`userid`, `country_code`, `station_id`, `year`, `wtype`, `create_date`) VALUES
(0, 'ID', 43, 1995, 'r', '2017-12-10 21:31:20'),
(0, 'ID', 43, 1995, 'r', '2017-12-10 22:28:47'),
(0, 'ID', 98, 2016, 'f', '2017-12-10 22:36:09'),
(0, 'ID', 43, 2017, 'f', '2017-12-11 11:18:04'),
(0, 'ID', 43, 2017, 'f', '2017-12-11 16:46:26'),
(0, 'ID', 100, 2016, 'f', '2017-12-11 16:46:34'),
(0, 'ID', 43, 2018, 'f', '2017-12-11 16:49:58'),
(0, 'ID', 43, 2017, 'f', '2017-12-11 16:50:05'),
(0, 'ID', 100, 2018, 'f', '2017-12-11 16:50:21'),
(0, 'ID', 100, 2017, 'f', '2017-12-11 16:50:32'),
(0, 'ID', 98, 2018, 'f', '2017-12-11 16:53:09'),
(0, 'ID', 98, 2017, 'f', '2017-12-11 16:53:19'),
(0, 'ID', 100, 2017, 'f', '2017-12-11 17:19:51'),
(0, 'ID', 43, 2017, 'f', '2017-12-13 10:19:13'),
(0, 'ID', 43, 2016, 'f', '2017-12-13 22:28:57'),
(0, 'ID', 43, 2016, 'f', '2017-12-13 22:28:58'),
(0, 'ID', 43, 2017, 'f', '2017-12-13 22:29:29'),
(0, 'ID', 43, 2017, 'f', '2017-12-13 22:29:29'),
(0, 'ID', 100, 2017, 'f', '2017-12-13 22:51:55'),
(0, 'ID', 100, 2015, 'f', '2017-12-13 22:59:27'),
(0, 'ID', 98, 2016, 'f', '2018-02-02 16:22:58'),
(0, 'ID', 43, 2018, 'f', '2018-02-02 16:26:24'),
(0, 'ID', 43, 2017, 'f', '2018-02-02 16:26:37'),
(0, 'ID', 43, 2017, 'f', '2018-02-08 08:50:56'),
(0, 'ID', 100, 2018, 'f', '2018-02-08 11:54:15'),
(0, 'ID', 100, 2018, 'f', '2018-02-08 12:04:41'),
(0, 'ID', 100, 2017, 'f', '2018-02-08 12:04:53'),
(0, 'ID', 100, 2018, 'f', '2018-02-08 13:42:55'),
(0, 'ID', 43, 2018, 'f', '2018-02-10 21:15:01'),
(0, 'ID', 100, 2018, 'f', '2018-02-11 15:02:27'),
(0, 'ID', 98, 2018, 'f', '2018-02-11 15:26:54'),
(0, 'ID', 98, 2018, 'f', '2018-02-11 15:37:15'),
(0, 'ID', 98, 2017, 'f', '2018-02-11 15:37:26'),
(0, 'ID', 98, 2018, 'f', '2018-02-11 15:45:36'),
(0, 'ID', 98, 2018, 'f', '2018-02-11 15:45:36'),
(0, 'ID', 98, 2017, 'f', '2018-02-11 15:45:48'),
(0, 'ID', 98, 2017, 'f', '2018-02-11 15:45:48'),
(0, 'ID', 98, 2018, 'f', '2018-02-11 20:59:55'),
(0, 'ID', 98, 2017, 'f', '2018-02-11 21:00:21'),
(0, 'ID', 98, 1983, 'r', '2018-02-11 21:05:01'),
(0, 'ID', 98, 2018, 'f', '2018-02-11 21:05:18'),
(0, 'ID', 98, 2017, 'f', '2018-02-11 21:05:31'),
(0, 'ID', 43, 2017, 'f', '2018-02-13 14:21:14'),
(0, 'ID', 43, 2016, 'f', '2018-02-13 14:21:23'),
(0, 'ID', 43, 2018, 'f', '2018-02-13 14:21:29'),
(0, 'ID', 43, 2017, 'f', '2018-02-15 15:04:02'),
(0, 'ID', 43, 2018, 'f', '2018-02-15 15:04:13'),
(0, 'ID', 43, 2017, 'f', '2018-02-15 15:09:45'),
(0, 'ID', 43, 2016, 'f', '2018-02-15 15:11:01'),
(0, 'ID', 43, 2016, 'f', '2018-02-15 15:11:50'),
(0, 'ID', 43, 2017, 'f', '2018-02-15 15:20:18'),
(0, 'ID', 43, 2017, 'f', '2018-02-15 16:11:43'),
(0, 'ID', 43, 1995, 'r', '2018-03-17 12:14:30'),
(0, 'ID', 43, 2017, 'f', '2018-03-17 12:14:41'),
(0, 'ID', 43, 2017, 'f', '2018-03-17 12:16:05'),
(0, 'ID', 43, 2013, 'r', '2018-03-17 12:17:30'),
(0, 'ID', 43, 2017, 'f', '2018-03-17 12:21:45'),
(0, 'ID', 43, 2017, 'f', '2018-03-17 12:21:45'),
(0, 'ID', 98, 2018, 'f', '2018-03-17 23:30:51'),
(0, 'ID', 98, 2018, 'f', '2018-03-17 23:32:07'),
(0, 'ID', 98, 2018, 'f', '2018-03-17 23:38:06'),
(0, 'ID', 98, 2018, 'f', '2018-03-17 23:38:47'),
(0, 'ID', 98, 2018, 'f', '2018-03-17 23:41:35'),
(0, 'ID', 98, 2018, 'f', '2018-03-17 23:42:53'),
(0, 'ID', 43, 1995, 'r', '2018-03-18 18:31:06'),
(0, 'ID', 43, 1995, 'r', '2018-03-18 18:31:14'),
(0, 'ID', 43, 1995, 'r', '2018-03-18 18:32:36'),
(0, 'ID', 43, 1995, 'r', '2018-03-18 18:35:49'),
(0, 'ID', 43, 1995, 'r', '2018-03-18 18:36:14'),
(0, 'ID', 43, 1995, 'r', '2018-03-18 18:36:45'),
(0, 'ID', 43, 1995, 'r', '2018-03-18 18:38:04'),
(0, 'ID', 43, 1995, 'r', '2018-03-18 18:38:22'),
(0, 'ID', 43, 1995, 'r', '2018-03-18 18:39:13'),
(0, 'ID', 43, 1995, 'r', '2018-03-18 18:40:43'),
(0, 'ID', 43, 1995, 'r', '2018-03-18 18:41:24'),
(0, 'ID', 43, 1995, 'r', '2018-03-18 18:44:25'),
(0, 'ID', 43, 1995, 'r', '2018-03-18 18:46:33'),
(0, 'ID', 43, 1995, 'r', '2018-03-18 18:46:54'),
(0, 'ID', 43, 1995, 'r', '2018-03-18 18:48:50'),
(0, 'ID', 43, 1995, 'r', '2018-03-18 18:56:03'),
(0, 'ID', 43, 1995, 'r', '2018-03-18 18:56:35'),
(0, 'ID', 43, 1995, 'r', '2018-03-18 19:01:35'),
(0, 'ID', 43, 1995, 'r', '2018-03-18 19:01:58'),
(0, 'ID', 43, 1995, 'r', '2018-03-18 19:02:23'),
(0, 'ID', 43, 1995, 'r', '2018-03-18 19:03:34'),
(0, 'ID', 43, 1995, 'r', '2018-03-18 19:05:47'),
(0, 'ID', 43, 1995, 'r', '2018-03-18 19:06:05'),
(0, 'ID', 43, 1995, 'r', '2018-03-18 19:06:14'),
(0, 'ID', 43, 1995, 'r', '2018-03-18 19:08:29'),
(0, 'ID', 43, 1995, 'r', '2018-03-18 19:10:03'),
(0, 'ID', 43, 1995, 'r', '2018-03-18 19:12:13'),
(0, 'ID', 43, 1995, 'r', '2018-03-18 19:12:57'),
(0, 'ID', 43, 1995, 'r', '2018-03-18 19:15:31'),
(0, 'ID', 43, 1995, 'r', '2018-03-18 19:15:31'),
(0, 'ID', 43, 1995, 'r', '2018-03-18 19:15:32'),
(0, 'ID', 43, 1995, 'r', '2018-03-18 19:15:32'),
(0, 'ID', 43, 1995, 'r', '2018-03-18 19:15:32'),
(0, 'ID', 43, 1995, 'r', '2018-03-18 19:17:10'),
(0, 'ID', 43, 1995, 'r', '2018-03-18 19:17:43'),
(0, 'ID', 43, 1995, 'r', '2018-03-18 19:17:43'),
(0, 'ID', 43, 1995, 'r', '2018-03-18 19:17:43'),
(0, 'ID', 43, 1995, 'r', '2018-03-18 19:17:43'),
(0, 'ID', 43, 1995, 'r', '2018-03-18 19:17:43');

-- --------------------------------------------------------

--
-- Table structure for table `weather_stations`
--

CREATE TABLE IF NOT EXISTS `weather_stations` (
  `station_id` int(10) unsigned NOT NULL,
  `country_code` varchar(2) NOT NULL,
  `station_name` varchar(100) NOT NULL,
  `region_id` smallint(5) unsigned DEFAULT NULL,
  `full_name` text,
  `geo_lat` decimal(10,5) DEFAULT NULL,
  `geo_lon` decimal(10,5) DEFAULT NULL,
  `geo_alt` decimal(10,2) DEFAULT NULL,
  `is_enabled` tinyint(3) unsigned NOT NULL DEFAULT '1',
  `gps_confirmed` tinyint(3) unsigned NOT NULL DEFAULT '0'
) ENGINE=MyISAM DEFAULT CHARSET=utf8;

--
-- Dumping data for table `weather_stations`
--

INSERT INTO `weather_stations` (`station_id`, `country_code`, `station_name`, `region_id`, `full_name`, `geo_lat`, `geo_lon`, `geo_alt`, `is_enabled`, `gps_confirmed`) VALUES
(43, 'ID', 'Jakenan', 39, 'Jakenan Research Institute for Food Crops Jakenan Experiment Station, Pati District, Indonesia', '-6.75000', '111.15000', '7.00', 1, 0),
(55, 'ID', 'Adisumarno', 31, NULL, '-7.52000', '110.55000', NULL, 0, 0),
(56, 'ID', 'Babadan Magelang', 35, NULL, '-7.52000', '110.40000', NULL, 0, 0),
(57, 'ID', 'Batang (Kebun Percob.)', 19, NULL, '-6.90000', '109.76000', NULL, 0, 0),
(58, 'ID', 'Bawen(SMT Pert.)', 42, NULL, '-7.25000', '110.42000', NULL, 0, 0),
(60, 'ID', 'Borobudur', 35, NULL, '-7.71000', '110.24000', NULL, 0, 0),
(62, 'ID', 'Colo-Kudus', 33, NULL, '-6.67000', '111.08000', NULL, 0, 0),
(63, 'ID', 'Demark Mranggen', 24, NULL, '-7.03000', '110.53000', NULL, 0, 0),
(65, 'ID', 'Gunungpati(BPP)', 42, NULL, '-7.09000', '110.38000', NULL, 0, 0),
(66, 'ID', 'Karanganya', 27, NULL, '-7.30000', '110.50000', NULL, 0, 0),
(67, 'ID', 'Kb.Curug', NULL, NULL, '-7.30000', '110.50000', NULL, 0, 0),
(68, 'ID', 'Kebun Beji Jepara', 26, NULL, '-6.44000', '110.81000', NULL, 0, 0),
(69, 'ID', 'Kertek', 47, NULL, '-7.38000', '110.10000', NULL, 0, 0),
(72, 'ID', 'Kudus Dawe', 33, NULL, '-6.70000', '110.89000', NULL, 0, 0),
(73, 'ID', 'Medini(PT)', 42, NULL, '-7.16000', '110.33000', NULL, 0, 0),
(75, 'ID', 'Mijen(BBP)', 42, NULL, '-7.08000', '110.31000', NULL, 0, 0),
(76, 'ID', 'Ngablak(BPP)', 35, NULL, '-7.41000', '110.40000', NULL, 0, 0),
(79, 'ID', 'Pakopen', 42, NULL, '-7.21000', '110.39000', NULL, 0, 0),
(80, 'ID', 'Parakan', NULL, NULL, '-7.28000', '110.09000', NULL, 0, 0),
(81, 'ID', 'Pati Juwana', 39, NULL, '-6.72000', '111.14000', NULL, 0, 0),
(82, 'ID', 'Rendole-Pati', 39, NULL, '-6.72000', '111.02000', NULL, 0, 0),
(83, 'ID', 'Selogiri', 46, NULL, '-7.80000', '110.92000', NULL, 0, 0),
(86, 'ID', 'Sendangharjo-Blora', 20, NULL, '-6.92000', '111.43000', NULL, 0, 0),
(87, 'ID', 'SMPK Laboratorium Kedu', NULL, NULL, '-7.42000', '110.23000', NULL, 0, 0),
(88, 'ID', 'SMPK Seneng', 35, NULL, '-7.76000', '110.83000', NULL, 0, 0),
(90, 'ID', 'SMPK-Getas-Sltg(10)', 42, NULL, '-7.37000', '110.17000', NULL, 0, 0),
(91, 'ID', 'Soropadan(P3Pal)', 44, NULL, '-7.37000', '110.27000', NULL, 0, 0),
(95, 'ID', 'Ungaran', 42, NULL, '-7.86000', '110.12000', NULL, 0, 0),
(96, 'ID', 'Wadaslintang', 47, NULL, '-7.62000', '110.92000', NULL, 0, 0),
(2, 'LA', 'Pakse', 38, NULL, '14.39000', '105.58000', '100.00', 1, 0),
(3, 'LA', 'Vientiane', 40, NULL, '17.96000', '102.61000', '172.00', 1, 0),
(11, 'LA', 'Donghen', NULL, NULL, '16.70000', '105.27000', NULL, 0, 0),
(12, 'LA', 'Kengkok', NULL, NULL, '16.44000', '105.20000', NULL, 0, 0),
(13, 'LA', 'Lahanam', NULL, NULL, '16.27000', '105.27000', NULL, 0, 0),
(19, 'LA', 'Pakxong', NULL, NULL, '16.24000', '105.20000', NULL, 0, 0),
(20, 'LA', 'Phalan', NULL, NULL, '16.66000', '105.56000', NULL, 0, 0),
(21, 'LA', 'Savannakhet', 41, NULL, '16.55000', '104.75000', '144.00', 1, 0),
(24, 'LA', 'Xeno', NULL, NULL, '16.76000', '105.00000', NULL, 0, 0),
(28, 'LA', 'Kengkabao', NULL, NULL, '16.80000', '104.75000', NULL, 0, 0),
(29, 'LA', 'Nakoutchan', NULL, NULL, '16.83000', '105.33000', NULL, 0, 0),
(30, 'LA', 'Naphok', 36, NULL, '16.82000', '104.48000', '168.00', 1, 0),
(31, 'LA', 'Outhoumphone (AWS)', 37, NULL, '16.67000', '105.00000', NULL, 0, 0),
(32, 'LA', 'Pailom', NULL, NULL, '16.32000', '105.07000', NULL, 0, 0),
(34, 'LA', 'Thakek', 45, NULL, '17.24000', '104.49000', '144.00', 0, 0),
(1, 'PH', 'IRRI Wetland', 12, NULL, '14.22000', '121.25000', NULL, 1, 0),
(2, 'PH', 'IRRI Dryland', 12, NULL, '14.13000', '121.25000', NULL, 1, 0),
(3, 'PH', 'UPLB NAS', 12, NULL, '14.17000', '121.25000', NULL, 1, 0),
(29, 'TH', 'Nakhon Phanom', 51, NULL, '16.53000', '104.78000', NULL, 0, 0),
(82, 'TH', 'Mukdahan', 53, NULL, '16.53000', '104.75000', NULL, 0, 0),
(83, 'TH', 'Nakhon Phanom Agromet', 50, NULL, '17.43000', '104.78000', NULL, 0, 0),
(59, 'ID', 'Bojongsari - Banyumas', 18, NULL, '-7.41666', '109.48333', NULL, 0, 0),
(61, 'ID', 'Cilacap', 22, NULL, '-7.73333', '109.01666', NULL, 0, 0),
(64, 'ID', 'Gamer - Batang', 30, NULL, '-6.88333', '109.68333', NULL, 0, 0),
(70, 'ID', 'Kledung Temanggung', 44, NULL, '-7.38333', '110.01666', NULL, 0, 0),
(71, 'ID', 'Kr. Kemiri', 18, NULL, '-7.38333', '109.55000', NULL, 0, 0),
(74, 'ID', 'Meteorologi Tegal', 32, NULL, '-6.85000', '110.15000', NULL, 0, 0),
(77, 'ID', 'Ngambak Kampung - Grobongan', 25, NULL, '-7.01666', '110.61666', NULL, 0, 0),
(78, 'ID', 'Ngepos Gunung Merapi Magelang', 35, NULL, '-6.93333', '110.38333', NULL, 0, 0),
(84, 'ID', 'Semarang', 42, NULL, '-6.98333', '110.38333', NULL, 0, 0),
(85, 'ID', 'Sempor - Kebumen', 28, NULL, '-7.48333', '109.31666', NULL, 0, 0),
(89, 'ID', 'SMPK Wil Surakarta', 31, NULL, '-7.75000', '110.83333', NULL, 0, 0),
(92, 'ID', 'Srimadono - Kebumen', 28, NULL, '-7.66666', '109.81666', NULL, 0, 0),
(93, 'ID', 'Sukorejo', 29, NULL, '-7.06666', '110.05000', NULL, 0, 0),
(94, 'ID', 'Tambi', 47, NULL, '-6.85000', '109.15000', NULL, 0, 0),
(97, 'ID', 'Pati Juwana', 39, NULL, '-6.71666', '111.13333', NULL, 0, 0),
(1, 'LA', 'TODO', NULL, NULL, NULL, NULL, NULL, 0, 0),
(25, 'LA', 'Xepon', 48, NULL, NULL, NULL, NULL, 0, 0),
(36, 'LA', 'Champone', 21, NULL, NULL, NULL, NULL, 0, 0),
(35, 'TH', 'Nakhon Ratchasima', 52, NULL, NULL, NULL, NULL, 0, 0),
(2, 'ID', 'Sukamandi', 43, 'Sukamandi (Agric. Research Station, CRIFC)', '-6.25000', '107.75000', NULL, 1, 0),
(102, 'ID', 'Karangsono', 25, 'Pasaluang', '-7.60000', '119.50000', '7.00', 1, 0),
(99, 'ID', 'Subang', 43, NULL, '-6.30000', '108.30000', '7.00', 1, 0),
(101, 'ID', 'Bonto Marannu', 17, 'Maros', '-5.10000', '119.50000', '7.00', 1, 0),
(100, 'ID', 'Segala anyar', 8, NULL, '-8.80000', '116.30000', '7.00', 1, 0),
(98, 'ID', 'Serdang', 9, NULL, '-3.60000', '98.70000', '7.00', 1, 0);

--
-- Indexes for dumped tables
--

--
-- Indexes for table `accesslog`
--
ALTER TABLE `accesslog`
  ADD PRIMARY KEY (`id`);

--
-- Indexes for table `oryza_access_log`
--
ALTER TABLE `oryza_access_log`
  ADD KEY `userid` (`userid`);

--
-- Indexes for table `rcm_fertilizer`
--
ALTER TABLE `rcm_fertilizer`
  ADD PRIMARY KEY (`id`);

--
-- Indexes for table `regions`
--
ALTER TABLE `regions`
  ADD PRIMARY KEY (`region_id`);

--
-- Indexes for table `system_options`
--
ALTER TABLE `system_options`
  ADD PRIMARY KEY (`id`);

--
-- Indexes for table `users`
--
ALTER TABLE `users`
  ADD PRIMARY KEY (`userid`),
  ADD UNIQUE KEY `username` (`username`),
  ADD UNIQUE KEY `email` (`email`);

--
-- Indexes for table `users_info`
--
ALTER TABLE `users_info`
  ADD PRIMARY KEY (`userid`);

--
-- Indexes for table `varieties`
--
ALTER TABLE `varieties`
  ADD PRIMARY KEY (`variety_id`);

--
-- Indexes for table `weather_access_log`
--
ALTER TABLE `weather_access_log`
  ADD KEY `userid` (`userid`);

--
-- Indexes for table `weather_stations`
--
ALTER TABLE `weather_stations`
  ADD PRIMARY KEY (`country_code`,`station_id`);

--
-- AUTO_INCREMENT for dumped tables
--

--
-- AUTO_INCREMENT for table `accesslog`
--
ALTER TABLE `accesslog`
  MODIFY `id` int(10) unsigned NOT NULL AUTO_INCREMENT,AUTO_INCREMENT=654;
--
-- AUTO_INCREMENT for table `rcm_fertilizer`
--
ALTER TABLE `rcm_fertilizer`
  MODIFY `id` smallint(6) NOT NULL AUTO_INCREMENT,AUTO_INCREMENT=31;
--
-- AUTO_INCREMENT for table `regions`
--
ALTER TABLE `regions`
  MODIFY `region_id` smallint(5) unsigned NOT NULL AUTO_INCREMENT,AUTO_INCREMENT=60;
--
-- AUTO_INCREMENT for table `users`
--
ALTER TABLE `users`
  MODIFY `userid` smallint(5) unsigned NOT NULL AUTO_INCREMENT,AUTO_INCREMENT=9;
--
-- AUTO_INCREMENT for table `varieties`
--
ALTER TABLE `varieties`
  MODIFY `variety_id` smallint(5) unsigned NOT NULL AUTO_INCREMENT,AUTO_INCREMENT=130;
/*!40101 SET CHARACTER_SET_CLIENT=@OLD_CHARACTER_SET_CLIENT */;
/*!40101 SET CHARACTER_SET_RESULTS=@OLD_CHARACTER_SET_RESULTS */;
/*!40101 SET COLLATION_CONNECTION=@OLD_COLLATION_CONNECTION */;
